id,name,dropbox_id,weight,item
940001001,-1,940001,0,
940001002,-1,940001,30625,41001
940001003,-1,940001,30625,41002
940001004,-1,940001,30625,41003
940001005,-1,940001,30625,41004
940001006,-1,940001,30625,41005
940001007,-1,940001,30625,41006
940001008,-1,940001,30625,41007
940001009,-1,940001,30625,41008
940001010,-1,940001,30625,42001
940001011,-1,940001,30625,42002
940001012,-1,940001,30625,42003
940001013,-1,940001,30625,42004
940001014,-1,940001,30625,42005
940001015,LM-02,940001,30625,42006
940001016,-1,940001,30625,42007
940001017,-1,940001,30625,42008
940001018,-1,940001,30625,43001
940001019,-1,940001,30625,43002
940001020,-1,940001,30625,43003
940001021,-1,940001,30625,43004
940001022,-1,940001,30625,43005
940001023,-1,940001,30625,43006
940001024,-1,940001,30625,43007
940001025,-1,940001,30625,43008
940001026,-1,940001,30625,44001
940001027,-1,940001,30625,44002
940001028,-1,940001,30625,44003
940001029,-1,940001,30625,44004
940001030,-1,940001,30625,44005
940001031,-1,940001,30625,44006
940001032,-1,940001,30625,44007
940001033,-1,940001,30625,44008
940001034,-1,940001,3333,45001
940001035,-1,940001,3333,45002
940001036,-1,940001,3334,45003
940001037,-1,940001,3333,46001
940001038,-1,940001,3333,46002
940001039,-1,940001,3334,46003
940002001,-1,940002,0,
940002002,-1,940002,3449,51001
940002003,-1,940002,3449,51003
940002004,-1,940002,3448,51004
940002005,-1,940002,3448,51005
940002006,-1,940002,3448,51007
940002007,-1,940002,3448,51009
940002008,-1,940002,3448,51010
940002009,-1,940002,3449,52002
940002010,-1,940002,3449,52003
940002011,-1,940002,3448,52005
940002012,-1,940002,3448,52006
940002013,-1,940002,3448,52008
940002014,-1,940002,3448,52009
940002015,OD-01,940002,3448,52010
940002016,-1,940002,3449,53002
940002017,-1,940002,3449,53003
940002018,-1,940002,3448,53005
940002019,-1,940002,3448,53006
940002020,-1,940002,3448,53008
940002021,-1,940002,3448,53009
940002022,-1,940002,3448,53010
940002023,-1,940002,3449,54001
940002024,-1,940002,3449,54002
940002025,-1,940002,3448,54003
940002026,-1,940002,3448,54004
940002027,-1,940002,3448,54005
940002028,-1,940002,3448,54006
940002029,-1,940002,3448,54009
940002035,-1,940002,3448,54007
940002030,-1,940002,0,55002
940002031,-1,940002,0,55004
940002032,-1,940002,0,56001
940002033,-1,940002,0,56002
940002034,-1,940002,0,52001
940002036,-1,940002,0,51002
940002037,-1,940002,0,52004
940002038,-1,940002,0,53004
940002039,-1,940002,0,52007
940002040,-1,940002,0,55005
940002041,-1,940002,0,56003
940002042,-1,940002,0,53001
940002043,-1,940002,0,54008
940002044,-1,940002,0,51006
940003001,-1,940003,0,
940003002,-1,940003,4800,31001
940003003,-1,940003,4800,31002
940003004,-1,940003,4800,31003
940003005,-1,940003,4800,31004
940003006,-1,940003,4800,31005
940003007,-1,940003,4800,32001
940003008,-1,940003,4800,32002
940003009,-1,940003,4800,32003
940003010,-1,940003,4800,32004
940003011,MK-05,940003,4800,32005
940003012,-1,940003,4800,33001
940003013,-1,940003,4800,33002
940003014,-1,940003,4800,33003
940003015,-1,940003,4800,33004
940003016,-1,940003,4800,33005
940003017,-1,940003,4800,34001
940003018,-1,940003,4800,34002
940003019,-1,940003,4800,34003
940003020,-1,940003,4800,34004
940003021,-1,940003,4800,34005
940003022,-1,940003,2000,35001
940003023,-1,940003,2000,36001
940004001,-1,940004,0,
940004002,-1,940004,1053,51015
940004003,-1,940004,1053,51014
940004004,-1,940004,1053,51013
940004005,-1,940004,1053,51012
940004006,-1,940004,1053,51011
940004007,-1,940004,5333,51009
940004008,-1,940004,5333,51008
940004009,-1,940004,5333,51006
940004010,-1,940004,5333,51002
940004011,-1,940004,1053,52015
940004012,-1,940004,1053,52014
940004013,-1,940004,1053,52013
940004014,-1,940004,1053,52012
940004015,-1,940004,1053,52011
940004016,-1,940004,5333,52007
940004017,-1,940004,5333,52004
940004018,-1,940004,5333,52001
940004019,-1,940004,5333,52002
940004020,-1,940004,1053,53015
940004021,-1,940004,1053,53014
940004022,-1,940004,1053,53013
940004023,-1,940004,1053,53012
940004024,-1,940004,1053,53007
940004025,-1,940004,5333,53011
940004026,-1,940004,5333,53001
940004027,-1,940004,5333,53010
940004028,-1,940004,5333,53005
940004029,-1,940004,1053,54013
940004030,-1,940004,1053,54014
940004031,-1,940004,1053,54012
940004032,-1,940004,1053,54011
940004033,-1,940004,5333,54010
940004034,-1,940004,5333,54008
940004035,-1,940004,5333,54001
940005001,-1,940005,0,
940005002,-1,940005,800,55009
940005003,-1,940005,800,55008
940005004,-1,940005,800,55007
940005005,-1,940005,800,55006
940005006,-1,940005,800,55003
940005007,-1,940005,3000,55002
940005008,-1,940005,3000,55005
940006001,-1,940006,0,
940006002,-1,940006,1000,56007
940006003,-1,940006,1000,56006
940006004,-1,940006,1000,56005
940006005,-1,940006,1000,56004
940006006,-1,940006,3000,56002
940006007,-1,940006,3000,56003
940011001,-1,940011,0,
940011002,-1,940011,5000,51001
940011003,-1,940011,5000,51003
940011004,-1,940011,5000,51004
940011005,-1,940011,5000,51005
940011006,-1,940011,5000,51007
940011007,-1,940011,5000,51009
940011008,-1,940011,5000,51010
940011009,-1,940011,0,51002
940011010,-1,940011,0,51006
940012001,-1,940012,0,
940012002,-1,940012,5000,52002
940012003,-1,940012,5000,52003
940012004,-1,940012,5000,52005
940012005,-1,940012,5000,52006
940012006,-1,940012,5000,52008
940012007,-1,940012,5000,52009
940012008,OD-01,940012,5000,52010
940012009,-1,940012,0,52001
940012010,-1,940012,0,52004
940012011,-1,940012,0,52007
940013001,-1,940013,0,
940013002,-1,940013,5000,53002
940013003,-1,940013,5000,53003
940013004,-1,940013,5000,53005
940013005,-1,940013,5000,53006
940013006,-1,940013,5000,53008
940013007,-1,940013,5000,53009
940013008,-1,940013,5000,53010
940013009,-1,940013,0,53004
940013010,-1,940013,0,53001
940014001,-1,940014,0,
940014002,-1,940014,5000,54001
940014003,-1,940014,5000,54002
940014004,-1,940014,5000,54003
940014005,-1,940014,5000,54004
940014006,-1,940014,5000,54005
940014007,-1,940014,5000,54006
940014008,-1,940014,5000,54009
940014009,-1,940014,0,54007
940014010,-1,940014,0,54008
940015001,-1,940015,0,
940015002,-1,940015,333,55002
940015003,-1,940015,333,55004
940015004,-1,940015,334,55005
940015005,-1,940015,0,55003
940016001,-1,940016,0,
940016002,-1,940016,333,56001
940016003,-1,940016,333,56002
940016004,-1,940016,334,56003
940016005,-1,940016,0,56004
940021001,-1,940021,0,
940021002,-1,940021,1250,41001
940021003,-1,940021,1250,41002
940021004,-1,940021,1250,41003
940021005,-1,940021,1250,41004
940021006,-1,940021,1250,41005
940021007,-1,940021,1250,41006
940021008,-1,940021,1250,41007
940021009,-1,940021,1250,41008
940022001,-1,940022,0,
940022002,-1,940022,1250,42001
940022003,-1,940022,1250,42002
940022004,-1,940022,1250,42003
940022005,-1,940022,1250,42004
940022006,-1,940022,1250,42005
940022007,LM-02,940022,1250,42006
940022008,-1,940022,1250,42007
940022009,-1,940022,1250,42008
940023001,-1,940023,0,
940023002,-1,940023,1250,43001
940023003,-1,940023,1250,43002
940023004,-1,940023,1250,43003
940023005,-1,940023,1250,43004
940023006,-1,940023,1250,43005
940023007,-1,940023,1250,43006
940023008,-1,940023,1250,43007
940023009,-1,940023,1250,43008
940024001,-1,940024,0,
940024002,-1,940024,1250,44001
940024003,-1,940024,1250,44002
940024004,-1,940024,1250,44003
940024005,-1,940024,1250,44004
940024006,-1,940024,1250,44005
940024007,-1,940024,1250,44006
940024008,-1,940024,1250,44007
940024009,-1,940024,1250,44008
940025001,-1,940025,0,
940025002,-1,940025,333,45001
940025003,-1,940025,333,45002
940025004,-1,940025,334,45003
940026001,-1,940026,0,
940026002,-1,940026,333,46001
940026003,-1,940026,333,46002
940026004,-1,940026,334,46003
953001001,-1,953001,2000,6041
953001002,-1,953001,2000,6042
953001003,-1,953001,2000,6043
953001004,-1,953001,2000,6044
953001005,-1,953001,2000,6045
954001001,-1,954001,1430,6066
954001002,-1,954001,1430,6067
954001003,-1,954001,1430,6068
954001004,-1,954001,1430,6069
954001005,-1,954001,1430,6070
954001006,-1,954001,1430,6071
954001007,-1,954001,1420,6366
955001001,-1,955001,1000,6096
955001002,-1,955001,1000,6097
955001003,-1,955001,1000,6098
955001004,-1,955001,1000,6099
955001005,-1,955001,1000,6100
955001006,-1,955001,1000,6101
955001007,-1,955001,1000,6102
955001008,-1,955001,1000,6103
955001009,-1,955001,1000,6371
955001010,-1,955001,1000,6377
955099001,-1,955099,600,6104
955099002,-1,955099,600,6105
955099003,-1,955099,600,6106
955099004,-1,955099,600,6107
955099005,-1,955099,600,6108
955099006,-1,955099,600,6109
955099007,-1,955099,600,6383
955099008,-1,955099,600,6110
955099009,-1,955099,600,6111
955099010,-1,955099,600,6112
955099011,-1,955099,600,6113
955099012,-1,955099,600,6114
955099013,-1,955099,600,6115
955099014,-1,955099,600,6116
955099015,-1,955099,600,6389
955099016,-1,955099,600,6117
955099017,-1,955099,600,6395
956001001,-1,956001,910,6228
956001002,-1,956001,909,6229
956001003,-1,956001,909,6230
956001004,-1,956001,909,6231
956001005,-1,956001,909,6232
956001006,-1,956001,909,6233
956001007,-1,956001,909,6234
956001008,-1,956001,909,6235
956001009,-1,956001,909,6236
956001010,-1,956001,909,6401
956001011,-1,956001,909,6407
956099001,-1,956099,600,6237
956099002,-1,956099,600,6238
956099003,-1,956099,600,6239
956099004,-1,956099,600,6503
956099005,-1,956099,600,6509
956099006,-1,956099,600,6629
956099007,-1,956099,600,6635
956099008,-1,956099,600,6641
956099009,-1,956099,600,6240
956099010,-1,956099,600,6241
956099011,-1,956099,600,6242
956099012,-1,956099,600,6413
956099013,-1,956099,600,6515
956099014,-1,956099,600,6521
956099015,-1,956099,600,6527
956099016,-1,956099,600,6647
956099017,-1,956099,600,6653
956099018,-1,956099,600,6659
956099019,-1,956099,600,6243
956099020,-1,956099,600,6244
956099021,-1,956099,600,6245
956099022,-1,956099,600,6533
956099023,-1,956099,600,6539
956099024,-1,956099,600,6665
956099025,-1,956099,600,6671
956099026,-1,956099,600,6677
956099027,-1,956099,600,6246
956099028,-1,956099,600,6247
956099029,-1,956099,600,6248
956099030,-1,956099,600,6545
956099031,-1,956099,600,6551
956099032,-1,956099,600,6557
956099033,-1,956099,600,6563
956099034,-1,956099,600,6683
956099035,-1,956099,600,6249
956099036,-1,956099,600,6419
956099037,-1,956099,600,6599
956099038,-1,956099,600,6605
956099039,-1,956099,600,6611
956099040,-1,956099,600,6617
956099041,-1,956099,600,6623
956099042,-1,956099,600,6695
956099043,-1,956099,600,6250
956099044,-1,956099,600,6425
956099045,-1,956099,600,6569
956099046,-1,956099,600,6575
956099047,-1,956099,600,6581
956099048,-1,956099,600,6587
956099049,-1,956099,600,6593
956099050,-1,956099,600,6689
10001001,-1,10001,17,54009
10001002,-1,10001,18,54006
10001003,-1,10001,18,54005
10001004,-1,10001,18,54004
10001005,-1,10001,18,54003
10001006,-1,10001,18,54002
10001007,-1,10001,18,54001
10001008,-1,10001,17,53010
10001009,-1,10001,18,53009
10001010,-1,10001,18,53008
10001011,-1,10001,18,53006
10001012,-1,10001,18,53005
10001013,-1,10001,18,53003
10001014,-1,10001,18,53002
10001015,OD-01,10001,17,52010
10001016,-1,10001,18,52009
10001017,-1,10001,18,52008
10001018,-1,10001,18,52006
10001019,-1,10001,18,52005
10001020,-1,10001,18,52003
10001021,-1,10001,18,52002
10001022,-1,10001,17,51010
10001023,-1,10001,18,51009
10001024,-1,10001,18,51007
10001025,-1,10001,18,51005
10001026,-1,10001,18,51004
10001027,-1,10001,18,51003
10001028,-1,10001,18,51001
10001029,-1,10001,417,46003
10001030,-1,10001,417,46002
10001031,-1,10001,417,46001
10001032,-1,10001,417,45003
10001033,-1,10001,416,45002
10001034,-1,10001,416,45001
10001035,-1,10001,375,44008
10001036,-1,10001,375,44007
10001037,-1,10001,375,44006
10001038,-1,10001,375,44005
10001039,-1,10001,375,44004
10001040,-1,10001,375,44003
10001041,-1,10001,375,44002
10001042,-1,10001,375,44001
10001043,-1,10001,375,43008
10001044,-1,10001,375,43007
10001045,-1,10001,375,43006
10001046,-1,10001,375,43005
10001047,-1,10001,375,43004
10001048,-1,10001,375,43003
10001049,-1,10001,375,43002
10001050,-1,10001,375,43001
10001051,-1,10001,375,42008
10001052,-1,10001,375,42007
10001053,LM-02,10001,375,42006
10001054,-1,10001,375,42005
10001055,-1,10001,375,42004
10001056,-1,10001,375,42003
10001057,-1,10001,375,42002
10001058,-1,10001,375,42001
10001059,-1,10001,375,41008
10001060,-1,10001,375,41007
10001061,-1,10001,375,41006
10001062,-1,10001,375,41005
10001063,-1,10001,375,41004
10001064,-1,10001,375,41003
10001065,-1,10001,375,41002
10001066,-1,10001,375,41001
10001067,-1,10001,8500,36001
10001068,-1,10001,8500,35001
10001069,-1,10001,3400,34005
10001070,-1,10001,3400,34004
10001071,-1,10001,3400,34003
10001072,-1,10001,3400,34002
10001073,-1,10001,3400,34001
10001074,-1,10001,3400,33005
10001075,-1,10001,3400,33004
10001076,-1,10001,3400,33003
10001077,-1,10001,3400,33002
10001078,-1,10001,3400,33001
10001079,MK-05,10001,3400,32005
10001080,-1,10001,3400,32004
10001081,-1,10001,3400,32003
10001082,-1,10001,3400,32002
10001083,-1,10001,3400,32001
10001084,-1,10001,3400,31005
10001085,-1,10001,3400,31004
10001086,-1,10001,3400,31003
10001087,-1,10001,3400,31002
10001088,-1,10001,3400,31001
10001089,-1,10001,21250,24004
10001090,-1,10001,21250,24003
10001091,-1,10001,21250,24002
10001092,-1,10001,21250,24001
10001093,-1,10001,21250,23004
10001094,-1,10001,21250,23003
10001095,-1,10001,21250,23002
10001096,-1,10001,21250,23001
10001097,ZH-07,10001,21250,22004
10001098,-1,10001,21250,22003
10001099,-1,10001,21250,22002
10001100,-1,10001,21250,22001
10001101,-1,10001,21250,21004
10001102,-1,10001,21250,21003
10001103,-1,10001,21250,21002
10001104,-1,10001,21250,21001
10001105,-1,10001,46667,14003
10001106,-1,10001,46667,14002
10001107,-1,10001,46666,14001
10001108,-1,10001,46667,13003
10001109,-1,10001,46667,13002
10001110,-1,10001,46666,13001
10001111,-1,10001,46667,12003
10001112,-1,10001,46667,12002
10001113,-1,10001,46666,12001
10001114,-1,10001,46667,11003
10001115,-1,10001,46667,11002
10001116,-1,10001,46666,11001
10005001,-1,10005,285,54009
10005002,-1,10005,285,54006
10005003,-1,10005,286,54005
10005004,-1,10005,286,54004
10005005,-1,10005,286,54003
10005006,-1,10005,286,54002
10005007,-1,10005,286,54001
10005008,-1,10005,285,53010
10005009,-1,10005,285,53009
10005010,-1,10005,286,53008
10005011,-1,10005,286,53006
10005012,-1,10005,286,53005
10005013,-1,10005,286,53003
10005014,-1,10005,286,53002
10005015,OD-01,10005,285,52010
10005016,-1,10005,285,52009
10005017,-1,10005,286,52008
10005018,-1,10005,286,52006
10005019,-1,10005,286,52005
10005020,-1,10005,286,52003
10005021,-1,10005,286,52002
10005022,-1,10005,285,51010
10005023,-1,10005,285,51009
10005024,-1,10005,286,51007
10005025,-1,10005,286,51005
10005026,-1,10005,286,51004
10005027,-1,10005,286,51003
10005028,-1,10005,286,51001
10005029,-1,10005,4666,46003
10005030,-1,10005,4667,46002
10005031,-1,10005,4667,46001
10005032,-1,10005,4666,45003
10005033,-1,10005,4667,45002
10005034,-1,10005,4667,45001
10005035,-1,10005,3250,44008
10005036,-1,10005,3250,44007
10005037,-1,10005,3250,44006
10005038,-1,10005,3250,44005
10005039,-1,10005,3250,44004
10005040,-1,10005,3250,44003
10005041,-1,10005,3250,44002
10005042,-1,10005,3250,44001
10005043,-1,10005,3250,43008
10005044,-1,10005,3250,43007
10005045,-1,10005,3250,43006
10005046,-1,10005,3250,43005
10005047,-1,10005,3250,43004
10005048,-1,10005,3250,43003
10005049,-1,10005,3250,43002
10005050,-1,10005,3250,43001
10005051,-1,10005,3250,42008
10005052,-1,10005,3250,42007
10005053,LM-02,10005,3250,42006
10005054,-1,10005,3250,42005
10005055,-1,10005,3250,42004
10005056,-1,10005,3250,42003
10005057,-1,10005,3250,42002
10005058,-1,10005,3250,42001
10005059,-1,10005,3250,41008
10005060,-1,10005,3250,41007
10005061,-1,10005,3250,41006
10005062,-1,10005,3250,41005
10005063,-1,10005,3250,41004
10005064,-1,10005,3250,41003
10005065,-1,10005,3250,41002
10005066,-1,10005,3250,41001
10005067,-1,10005,50000,36001
10005068,-1,10005,50000,35001
10005069,-1,10005,22000,34005
10005070,-1,10005,22000,34004
10005071,-1,10005,22000,34003
10005072,-1,10005,22000,34002
10005073,-1,10005,22000,34001
10005074,-1,10005,22000,33005
10005075,-1,10005,22000,33004
10005076,-1,10005,22000,33003
10005077,-1,10005,22000,33002
10005078,-1,10005,22000,33001
10005079,MK-05,10005,22000,32005
10005080,-1,10005,22000,32004
10005081,-1,10005,22000,32003
10005082,-1,10005,22000,32002
10005083,-1,10005,22000,32001
10005084,-1,10005,22000,31005
10005085,-1,10005,22000,31004
10005086,-1,10005,22000,31003
10005087,-1,10005,22000,31002
10005088,-1,10005,22000,31001
10005089,-1,10005,20000,24004
10005090,-1,10005,20000,24003
10005091,-1,10005,20000,24002
10005092,-1,10005,20000,24001
10005093,-1,10005,20000,23004
10005094,-1,10005,20000,23003
10005095,-1,10005,20000,23002
10005096,-1,10005,20000,23001
10005097,ZH-07,10005,20000,22004
10005098,-1,10005,20000,22003
10005099,-1,10005,20000,22002
10005100,-1,10005,20000,22001
10005101,-1,10005,20000,21004
10005102,-1,10005,20000,21003
10005103,-1,10005,20000,21002
10005104,-1,10005,20000,21001
10002001,-1,10002,40,56008
10002002,-1,10002,40,56007
10002003,-1,10002,40,56006
10002004,-1,10002,40,56005
10002005,-1,10002,40,56004
10002006,-1,10002,166,56003
10002007,-1,10002,167,56002
10002008,-1,10002,167,56001
10002009,-1,10002,33,55010
10002010,-1,10002,33,55009
10002011,-1,10002,33,55008
10002012,-1,10002,33,55007
10002013,-1,10002,34,55006
10002014,-1,10002,34,55003
10002015,-1,10002,166,55005
10002016,-1,10002,167,55004
10002017,-1,10002,167,55002
10002018,-1,10002,133,54016
10002019,-1,10002,133,54015
10002020,-1,10002,133,54014
10002021,-1,10002,133,54013
10002022,-1,10002,133,54012
10002023,-1,10002,133,54011
10002024,-1,10002,134,54010
10002025,-1,10002,134,54008
10002026,-1,10002,134,54007
10002027,-1,10002,150,53015
10002028,-1,10002,150,53014
10002029,-1,10002,150,53013
10002030,-1,10002,150,53012
10002031,-1,10002,150,53007
10002032,-1,10002,150,53011
10002033,-1,10002,150,53001
10002034,-1,10002,150,53004
10002035,-1,10002,120,52017
10002036,-1,10002,120,52016
10002037,-1,10002,120,52015
10002038,-1,10002,120,52014
10002039,-1,10002,120,52013
10002040,-1,10002,120,52012
10002041,-1,10002,120,52011
10002042,-1,10002,120,52007
10002043,-1,10002,120,52004
10002044,-1,10002,120,52001
10002045,-1,10002,133,51016
10002046,-1,10002,133,51015
10002047,-1,10002,133,51014
10002048,-1,10002,133,51013
10002049,-1,10002,133,51012
10002050,-1,10002,133,51011
10002051,-1,10002,134,51008
10002052,-1,10002,134,51006
10002053,-1,10002,134,51002
10002054,-1,10002,342,54009
10002055,-1,10002,343,54006
10002056,-1,10002,343,54005
10002057,-1,10002,343,54004
10002058,-1,10002,343,54003
10002059,-1,10002,343,54002
10002060,-1,10002,343,54001
10002061,-1,10002,342,53010
10002062,-1,10002,343,53009
10002063,-1,10002,343,53008
10002064,-1,10002,343,53006
10002065,-1,10002,343,53005
10002066,-1,10002,343,53003
10002067,-1,10002,343,53002
10002068,OD-01,10002,342,52010
10002069,-1,10002,343,52009
10002070,-1,10002,343,52008
10002071,-1,10002,343,52006
10002072,-1,10002,343,52005
10002073,-1,10002,343,52003
10002074,-1,10002,343,52002
10002075,-1,10002,342,51010
10002076,-1,10002,343,51009
10002077,-1,10002,343,51007
10002078,-1,10002,343,51005
10002079,-1,10002,343,51004
10002080,-1,10002,343,51003
10002081,-1,10002,343,51001
10002082,-1,10002,5333,46003
10002083,-1,10002,5333,46002
10002084,-1,10002,5334,46001
10002085,-1,10002,5333,45003
10002086,-1,10002,5333,45002
10002087,-1,10002,5334,45001
10002088,-1,10002,5250,44008
10002089,-1,10002,5250,44007
10002090,-1,10002,5250,44006
10002091,-1,10002,5250,44005
10002092,-1,10002,5250,44004
10002093,-1,10002,5250,44003
10002094,-1,10002,5250,44002
10002095,-1,10002,5250,44001
10002096,-1,10002,5250,43008
10002097,-1,10002,5250,43007
10002098,-1,10002,5250,43006
10002099,-1,10002,5250,43005
10002100,-1,10002,5250,43004
10002101,-1,10002,5250,43003
10002102,-1,10002,5250,43002
10002103,-1,10002,5250,43001
10002104,-1,10002,5250,42008
10002105,-1,10002,5250,42007
10002106,LM-02,10002,5250,42006
10002107,-1,10002,5250,42005
10002108,-1,10002,5250,42004
10002109,-1,10002,5250,42003
10002110,-1,10002,5250,42002
10002111,-1,10002,5250,42001
10002112,-1,10002,5250,41008
10002113,-1,10002,5250,41007
10002114,-1,10002,5250,41006
10002115,-1,10002,5250,41005
10002116,-1,10002,5250,41004
10002117,-1,10002,5250,41003
10002118,-1,10002,5250,41002
10002119,-1,10002,5250,41001
10002120,-1,10002,56540,36001
10002121,-1,10002,56540,35001
10002122,-1,10002,33556,34005
10002123,-1,10002,33556,34004
10002124,-1,10002,33556,34003
10002125,-1,10002,33556,34002
10002126,-1,10002,33556,34001
10002127,-1,10002,33556,33005
10002128,-1,10002,33556,33004
10002129,-1,10002,33556,33003
10002130,-1,10002,33556,33002
10002131,-1,10002,33556,33001
10002132,MK-05,10002,33556,32005
10002133,-1,10002,33556,32004
10002134,-1,10002,33556,32003
10002135,-1,10002,33556,32002
10002136,-1,10002,33556,32001
10002137,-1,10002,33556,31005
10002138,-1,10002,33556,31004
10002139,-1,10002,33556,31003
10002140,-1,10002,33556,31002
10002141,-1,10002,33556,31001
10004001,-1,10004,80,56008
10004002,-1,10004,80,56007
10004003,-1,10004,80,56006
10004004,-1,10004,80,56005
10004005,-1,10004,80,56004
10004006,-1,10004,332,56003
10004007,-1,10004,334,56002
10004008,-1,10004,334,56001
10004009,-1,10004,66,55010
10004010,-1,10004,66,55009
10004011,-1,10004,67,55008
10004012,-1,10004,67,55007
10004013,-1,10004,67,55006
10004014,-1,10004,67,55003
10004015,-1,10004,332,55005
10004016,-1,10004,334,55004
10004017,-1,10004,334,55002
10004018,-1,10004,266,54016
10004019,-1,10004,266,54015
10004020,-1,10004,266,54014
10004021,-1,10004,267,54013
10004022,-1,10004,267,54012
10004023,-1,10004,267,54011
10004024,-1,10004,267,54010
10004025,-1,10004,267,54008
10004026,-1,10004,267,54007
10004027,-1,10004,300,53015
10004028,-1,10004,300,53014
10004029,-1,10004,300,53013
10004030,-1,10004,300,53012
10004031,-1,10004,300,53007
10004032,-1,10004,300,53011
10004033,-1,10004,300,53001
10004034,-1,10004,300,53004
10004035,-1,10004,240,52017
10004036,-1,10004,240,52016
10004037,-1,10004,240,52015
10004038,-1,10004,240,52014
10004039,-1,10004,240,52013
10004040,-1,10004,240,52012
10004041,-1,10004,240,52011
10004042,-1,10004,240,52007
10004043,-1,10004,240,52004
10004044,-1,10004,240,52001
10004045,-1,10004,266,51016
10004046,-1,10004,266,51015
10004047,-1,10004,266,51014
10004048,-1,10004,267,51013
10004049,-1,10004,267,51012
10004050,-1,10004,267,51011
10004051,-1,10004,267,51008
10004052,-1,10004,267,51006
10004053,-1,10004,267,51002
10004054,-1,10004,684,54009
10004055,-1,10004,686,54006
10004056,-1,10004,686,54005
10004057,-1,10004,686,54004
10004058,-1,10004,686,54003
10004059,-1,10004,686,54002
10004060,-1,10004,686,54001
10004061,-1,10004,684,53010
10004062,-1,10004,686,53009
10004063,-1,10004,686,53008
10004064,-1,10004,686,53006
10004065,-1,10004,686,53005
10004066,-1,10004,686,53003
10004067,-1,10004,686,53002
10004068,OD-01,10004,684,52010
10004069,-1,10004,686,52009
10004070,-1,10004,686,52008
10004071,-1,10004,686,52006
10004072,-1,10004,686,52005
10004073,-1,10004,686,52003
10004074,-1,10004,686,52002
10004075,-1,10004,684,51010
10004076,-1,10004,686,51009
10004077,-1,10004,686,51007
10004078,-1,10004,686,51005
10004079,-1,10004,686,51004
10004080,-1,10004,686,51003
10004081,-1,10004,686,51001
10004082,-1,10004,5333,46003
10004083,-1,10004,5333,46002
10004084,-1,10004,5334,46001
10004085,-1,10004,5333,45003
10004086,-1,10004,5333,45002
10004087,-1,10004,5334,45001
10004088,-1,10004,5250,44008
10004089,-1,10004,5250,44007
10004090,-1,10004,5250,44006
10004091,-1,10004,5250,44005
10004092,-1,10004,5250,44004
10004093,-1,10004,5250,44003
10004094,-1,10004,5250,44002
10004095,-1,10004,5250,44001
10004096,-1,10004,5250,43008
10004097,-1,10004,5250,43007
10004098,-1,10004,5250,43006
10004099,-1,10004,5250,43005
10004100,-1,10004,5250,43004
10004101,-1,10004,5250,43003
10004102,-1,10004,5250,43002
10004103,-1,10004,5250,43001
10004104,-1,10004,5250,42008
10004105,-1,10004,5250,42007
10004106,LM-02,10004,5250,42006
10004107,-1,10004,5250,42005
10004108,-1,10004,5250,42004
10004109,-1,10004,5250,42003
10004110,-1,10004,5250,42002
10004111,-1,10004,5250,42001
10004112,-1,10004,5250,41008
10004113,-1,10004,5250,41007
10004114,-1,10004,5250,41006
10004115,-1,10004,5250,41005
10004116,-1,10004,5250,41004
10004117,-1,10004,5250,41003
10004118,-1,10004,5250,41002
10004119,-1,10004,5250,41001
10004120,-1,10004,55400,36001
10004121,-1,10004,55400,35001
10004122,-1,10004,32880,34005
10004123,-1,10004,32880,34004
10004124,-1,10004,32880,34003
10004125,-1,10004,32880,34002
10004126,-1,10004,32880,34001
10004127,-1,10004,32880,33005
10004128,-1,10004,32880,33004
10004129,-1,10004,32880,33003
10004130,-1,10004,32880,33002
10004131,-1,10004,32880,33001
10004132,MK-05,10004,32880,32005
10004133,-1,10004,32880,32004
10004134,-1,10004,32880,32003
10004135,-1,10004,32880,32002
10004136,-1,10004,32880,32001
10004137,-1,10004,32880,31005
10004138,-1,10004,32880,31004
10004139,-1,10004,32880,31003
10004140,-1,10004,32880,31002
10004141,-1,10004,32880,31001
20001001,-1,20001,120,930209
20001002,-1,20001,120,930202
20001003,-1,20001,120,930200
20001004,-1,20001,120,930192
20001005,-1,20001,125,930185
20001006,-1,20001,125,930178
20001007,-1,20001,125,930085
20001008,-1,20001,125,930083
20001009,-1,20001,125,930079
20001010,-1,20001,442,930087
20001011,-1,20001,442,930082
20001012,-1,20001,442,930078
20001013,-1,20001,442,930086
20001014,-1,20001,442,930084
20001015,-1,20001,442,930081
20001016,-1,20001,443,930080
20001017,-1,20001,600,930162
20001018,-1,20001,600,930161
20001019,-1,20001,600,930151
20001020,-1,20001,600,930155
20001021,-1,20001,600,930154
20001022,-1,20001,600,930150
20001023,-1,20001,600,930134
20001024,-1,20001,600,930133
20001025,-1,20001,24000,940002
20001026,-1,20001,7500,930126
20001027,-1,20001,7500,930125
20001028,-1,20001,7500,930055
20001029,-1,20001,7500,930054
20001030,-1,20001,7500,930053
20001031,-1,20001,7500,930052
20001032,-1,20001,7500,930051
20001033,-1,20001,7500,930050
20001034,-1,20001,7000,940001
20002001,-1,20002,110,930208
20002002,-1,20002,110,930204
20002003,-1,20002,110,930199
20002004,-1,20002,110,930191
20002005,-1,20002,110,930186
20002006,-1,20002,110,930183
20002007,-1,20002,110,930177
20002008,-1,20002,110,930094
20002009,-1,20002,110,930091
20002010,-1,20002,115,930088
20002011,-1,20002,442,930096
20002012,-1,20002,442,930097
20002013,-1,20002,442,930092
20002014,-1,20002,442,930089
20002015,-1,20002,442,930095
20002016,-1,20002,442,930093
20002017,-1,20002,443,930090
20002018,-1,20002,600,930164
20002019,-1,20002,600,930163
20002020,-1,20002,600,930156
20002021,-1,20002,600,930152
20002022,-1,20002,600,930146
20002023,-1,20002,600,930145
20002024,-1,20002,600,930136
20002025,-1,20002,600,930135
20002026,-1,20002,24000,940002
20002027,-1,20002,7500,930128
20002028,-1,20002,7500,930127
20002029,-1,20002,7500,930061
20002030,-1,20002,7500,930060
20002031,-1,20002,7500,930059
20002032,-1,20002,7500,930058
20002033,-1,20002,7500,930057
20002034,-1,20002,7500,930056
20002035,-1,20002,7000,940001
20003001,-1,20003,135,930201
20003002,-1,20003,135,930198
20003003,-1,20003,135,930190
20003004,-1,20003,140,930184
20003005,-1,20003,140,930179
20003006,-1,20003,140,930175
20003007,-1,20003,140,930098
20003008,-1,20003,140,930101
20003009,-1,20003,442,930107
20003010,-1,20003,442,930102
20003011,-1,20003,442,930100
20003012,-1,20003,442,930099
20003013,-1,20003,442,930106
20003014,-1,20003,442,930105
20003015,-1,20003,443,930103
20003016,-1,20003,600,930166
20003017,-1,20003,600,930165
20003018,-1,20003,600,930158
20003019,-1,20003,600,930153
20003020,-1,20003,600,930157
20003021,-1,20003,600,930147
20003022,-1,20003,600,930138
20003023,-1,20003,600,930137
20003024,-1,20003,24000,940002
20003025,-1,20003,7500,930130
20003026,-1,20003,7500,930129
20003027,-1,20003,7500,930067
20003028,-1,20003,7500,930066
20003029,-1,20003,7500,930065
20003030,-1,20003,7500,930064
20003031,-1,20003,7500,930063
20003032,-1,20003,7500,930062
20003033,-1,20003,7000,940001
20004001,-1,20004,120,930207
20004002,-1,20004,120,930203
20004003,-1,20004,120,930196
20004004,-1,20004,120,930193
20004005,-1,20004,125,930189
20004006,-1,20004,125,930182
20004007,-1,20004,125,930117
20004008,-1,20004,125,930115
20004009,-1,20004,125,930114
20004010,-1,20004,442,930111
20004011,-1,20004,442,930116
20004012,-1,20004,442,930113
20004013,-1,20004,442,930108
20004014,-1,20004,442,930112
20004015,-1,20004,442,930110
20004016,-1,20004,443,930109
20004017,-1,20004,600,930168
20004018,-1,20004,600,930167
20004019,-1,20004,600,930160
20004020,-1,20004,600,930159
20004021,-1,20004,600,930149
20004022,-1,20004,600,930148
20004023,-1,20004,600,930140
20004024,-1,20004,600,930139
20004025,-1,20004,24000,940002
20004026,-1,20004,7500,930132
20004027,-1,20004,7500,930131
20004028,-1,20004,7500,930073
20004029,-1,20004,7500,930072
20004030,-1,20004,7500,930071
20004031,-1,20004,7500,930070
20004032,-1,20004,7500,930069
20004033,-1,20004,7500,930068
20004034,-1,20004,7000,940001
20005001,-1,20005,15,930206
20005002,-1,20005,15,930194
20005003,-1,20005,15,930188
20005004,-1,20005,15,930181
20005005,-1,20005,16,930176
20005006,-1,20005,16,930123
20005007,-1,20005,200,930122
20005008,-1,20005,200,930121
20005009,-1,20005,500,930172
20005010,-1,20005,500,930144
20005011,-1,20005,500,930143
20005012,-1,20005,15,930205
20005013,-1,20005,15,930197
20005014,-1,20005,15,930195
20005015,-1,20005,15,930187
20005016,-1,20005,16,930180
20005017,-1,20005,16,930120
20005018,-1,20005,16,930174
20005019,-1,20005,200,930169
20005020,-1,20005,200,930119
20005021,-1,20005,500,930173
20005022,-1,20005,500,930142
20005023,-1,20005,500,930141
20005024,-1,20005,28000,940002
20005025,-1,20005,4700,930171
20005026,-1,20005,4600,930075
20005027,-1,20005,4600,930074
20005028,-1,20005,4700,930170
20005029,-1,20005,4700,930077
20005030,-1,20005,4700,930076
20005031,-1,20005,20000,940026
20005032,-1,20005,20000,940025
24101001,-1,24101,0,41001
24101002,-1,24101,1250,41002
24101003,-1,24101,1250,41003
24101004,-1,24101,1250,41004
24101005,-1,24101,1250,41005
24101006,-1,24101,1250,41006
24101007,-1,24101,1250,41007
24101008,-1,24101,1250,41008
24102001,-1,24102,1250,41001
24102002,-1,24102,0,41002
24102003,-1,24102,1250,41003
24102004,-1,24102,1250,41004
24102005,-1,24102,1250,41005
24102006,-1,24102,1250,41006
24102007,-1,24102,1250,41007
24102008,-1,24102,1250,41008
24103001,-1,24103,1250,41001
24103002,-1,24103,1250,41002
24103003,-1,24103,0,41003
24103004,-1,24103,1250,41004
24103005,-1,24103,1250,41005
24103006,-1,24103,1250,41006
24103007,-1,24103,1250,41007
24103008,-1,24103,1250,41008
24104001,-1,24104,1250,41001
24104002,-1,24104,1250,41002
24104003,-1,24104,1250,41003
24104004,-1,24104,0,41004
24104005,-1,24104,1250,41005
24104006,-1,24104,1250,41006
24104007,-1,24104,1250,41007
24104008,-1,24104,1250,41008
24105001,-1,24105,1250,41001
24105002,-1,24105,1250,41002
24105003,-1,24105,1250,41003
24105004,-1,24105,1250,41004
24105005,-1,24105,0,41005
24105006,-1,24105,1250,41006
24105007,-1,24105,1250,41007
24105008,-1,24105,1250,41008
24106001,-1,24106,1250,41001
24106002,-1,24106,1250,41002
24106003,-1,24106,1250,41003
24106004,-1,24106,1250,41004
24106005,-1,24106,1250,41005
24106006,-1,24106,0,41006
24106007,-1,24106,1250,41007
24106008,-1,24106,1250,41008
24107001,-1,24107,1250,41001
24107002,-1,24107,1250,41002
24107003,-1,24107,1250,41003
24107004,-1,24107,1250,41004
24107005,-1,24107,1250,41005
24107006,-1,24107,1250,41006
24107007,-1,24107,0,41007
24107008,-1,24107,1250,41008
24108001,-1,24108,1250,41001
24108002,-1,24108,1250,41002
24108003,-1,24108,1250,41003
24108004,-1,24108,1250,41004
24108005,-1,24108,1250,41005
24108006,-1,24108,1250,41006
24108007,-1,24108,1250,41007
24108008,-1,24108,0,41008
24201001,-1,24201,0,42001
24201002,-1,24201,1250,42002
24201003,-1,24201,1250,42003
24201004,-1,24201,1250,42004
24201005,-1,24201,1250,42005
24201006,-1,24201,1250,42006
24201007,-1,24201,1250,42007
24201008,-1,24201,1250,42008
24202001,-1,24202,1250,42001
24202002,-1,24202,0,42002
24202003,-1,24202,1250,42003
24202004,-1,24202,1250,42004
24202005,-1,24202,1250,42005
24202006,-1,24202,1250,42006
24202007,-1,24202,1250,42007
24202008,-1,24202,1250,42008
24203001,-1,24203,1250,42001
24203002,-1,24203,1250,42002
24203003,-1,24203,0,42003
24203004,-1,24203,1250,42004
24203005,-1,24203,1250,42005
24203006,-1,24203,1250,42006
24203007,-1,24203,1250,42007
24203008,-1,24203,1250,42008
24204001,-1,24204,1250,42001
24204002,-1,24204,1250,42002
24204003,-1,24204,1250,42003
24204004,-1,24204,0,42004
24204005,-1,24204,1250,42005
24204006,-1,24204,1250,42006
24204007,-1,24204,1250,42007
24204008,-1,24204,1250,42008
24205001,-1,24205,1250,42001
24205002,-1,24205,1250,42002
24205003,-1,24205,1250,42003
24205004,-1,24205,1250,42004
24205005,-1,24205,0,42005
24205006,-1,24205,1250,42006
24205007,-1,24205,1250,42007
24205008,-1,24205,1250,42008
24206001,-1,24206,1250,42001
24206002,-1,24206,1250,42002
24206003,-1,24206,1250,42003
24206004,-1,24206,1250,42004
24206005,-1,24206,1250,42005
24206006,-1,24206,0,42006
24206007,-1,24206,1250,42007
24206008,-1,24206,1250,42008
24207001,-1,24207,1250,42001
24207002,-1,24207,1250,42002
24207003,-1,24207,1250,42003
24207004,-1,24207,1250,42004
24207005,-1,24207,1250,42005
24207006,-1,24207,1250,42006
24207007,-1,24207,0,42007
24207008,-1,24207,1250,42008
24208001,-1,24208,1250,42001
24208002,-1,24208,1250,42002
24208003,-1,24208,1250,42003
24208004,-1,24208,1250,42004
24208005,-1,24208,1250,42005
24208006,-1,24208,1250,42006
24208007,-1,24208,1250,42007
24208008,-1,24208,0,42008
24301001,-1,24301,0,43001
24301002,-1,24301,1250,43002
24301003,-1,24301,1250,43003
24301004,-1,24301,1250,43004
24301005,-1,24301,1250,43005
24301006,-1,24301,1250,43006
24301007,-1,24301,1250,43007
24301008,-1,24301,1250,43008
24302001,-1,24302,1250,43001
24302002,-1,24302,0,43002
24302003,-1,24302,1250,43003
24302004,-1,24302,1250,43004
24302005,-1,24302,1250,43005
24302006,-1,24302,1250,43006
24302007,-1,24302,1250,43007
24302008,-1,24302,1250,43008
24303001,-1,24303,1250,43001
24303002,-1,24303,1250,43002
24303003,-1,24303,0,43003
24303004,-1,24303,1250,43004
24303005,-1,24303,1250,43005
24303006,-1,24303,1250,43006
24303007,-1,24303,1250,43007
24303008,-1,24303,1250,43008
24304001,-1,24304,1250,43001
24304002,-1,24304,1250,43002
24304003,-1,24304,1250,43003
24304004,-1,24304,0,43004
24304005,-1,24304,1250,43005
24304006,-1,24304,1250,43006
24304007,-1,24304,1250,43007
24304008,-1,24304,1250,43008
24305001,-1,24305,1250,43001
24305002,-1,24305,1250,43002
24305003,-1,24305,1250,43003
24305004,-1,24305,1250,43004
24305005,-1,24305,0,43005
24305006,-1,24305,1250,43006
24305007,-1,24305,1250,43007
24305008,-1,24305,1250,43008
24306001,-1,24306,1250,43001
24306002,-1,24306,1250,43002
24306003,-1,24306,1250,43003
24306004,-1,24306,1250,43004
24306005,-1,24306,1250,43005
24306006,-1,24306,0,43006
24306007,-1,24306,1250,43007
24306008,-1,24306,1250,43008
24307001,-1,24307,1250,43001
24307002,-1,24307,1250,43002
24307003,-1,24307,1250,43003
24307004,-1,24307,1250,43004
24307005,-1,24307,1250,43005
24307006,-1,24307,1250,43006
24307007,-1,24307,0,43007
24307008,-1,24307,1250,43008
24308001,-1,24308,1250,43001
24308002,-1,24308,1250,43002
24308003,-1,24308,1250,43003
24308004,-1,24308,1250,43004
24308005,-1,24308,1250,43005
24308006,-1,24308,1250,43006
24308007,-1,24308,1250,43007
24308008,-1,24308,0,43008
24401001,-1,24401,0,44001
24401002,-1,24401,1250,44002
24401003,-1,24401,1250,44003
24401004,-1,24401,1250,44004
24401005,-1,24401,1250,44005
24401006,-1,24401,1250,44006
24401007,-1,24401,1250,44007
24401008,-1,24401,1250,44008
24402001,-1,24402,1250,44001
24402002,-1,24402,0,44002
24402003,-1,24402,1250,44003
24402004,-1,24402,1250,44004
24402005,-1,24402,1250,44005
24402006,-1,24402,1250,44006
24402007,-1,24402,1250,44007
24402008,-1,24402,1250,44008
24403001,-1,24403,1250,44001
24403002,-1,24403,1250,44002
24403003,-1,24403,0,44003
24403004,-1,24403,1250,44004
24403005,-1,24403,1250,44005
24403006,-1,24403,1250,44006
24403007,-1,24403,1250,44007
24403008,-1,24403,1250,44008
24404001,-1,24404,1250,44001
24404002,-1,24404,1250,44002
24404003,-1,24404,1250,44003
24404004,-1,24404,0,44004
24404005,-1,24404,1250,44005
24404006,-1,24404,1250,44006
24404007,-1,24404,1250,44007
24404008,-1,24404,1250,44008
24405001,-1,24405,1250,44001
24405002,-1,24405,1250,44002
24405003,-1,24405,1250,44003
24405004,-1,24405,1250,44004
24405005,-1,24405,0,44005
24405006,-1,24405,1250,44006
24405007,-1,24405,1250,44007
24405008,-1,24405,1250,44008
24406001,-1,24406,1250,44001
24406002,-1,24406,1250,44002
24406003,-1,24406,1250,44003
24406004,-1,24406,1250,44004
24406005,-1,24406,1250,44005
24406006,-1,24406,0,44006
24406007,-1,24406,1250,44007
24406008,-1,24406,1250,44008
24407001,-1,24407,1250,44001
24407002,-1,24407,1250,44002
24407003,-1,24407,1250,44003
24407004,-1,24407,1250,44004
24407005,-1,24407,1250,44005
24407006,-1,24407,1250,44006
24407007,-1,24407,0,44007
24407008,-1,24407,1250,44008
24408001,-1,24408,1250,44001
24408002,-1,24408,1250,44002
24408003,-1,24408,1250,44003
24408004,-1,24408,1250,44004
24408005,-1,24408,1250,44005
24408006,-1,24408,1250,44006
24408007,-1,24408,1250,44007
24408008,-1,24408,0,44008
26001001,-1,26001,,541001
26001002,-1,26001,,541002
26001003,-1,26001,,541003
26001004,-1,26001,,541004
26001005,-1,26001,,541005
26001006,-1,26001,,541006
26001007,-1,26001,,541007
26001008,-1,26001,,541008
26001009,-1,26001,,51001
26001010,-1,26001,,51003
26001011,-1,26001,,51004
26001012,-1,26001,,51005
26001013,-1,26001,,51007
26001014,-1,26001,,51009
26001015,-1,26001,,51010
26001016,-1,26001,,51002
26001017,-1,26001,,51006
26001018,-1,26001,,51008
26001019,-1,26001,,51011
26001020,-1,26001,,51012
26001021,-1,26001,,51013
26001022,-1,26001,,51014
26001023,-1,26001,,51015
26001024,-1,26001,,51016
26002001,-1,26002,,542001
26002002,-1,26002,,542002
26002003,-1,26002,,542003
26002004,-1,26002,,542004
26002005,-1,26002,,542005
26002006,-1,26002,,542006
26002007,-1,26002,,542007
26002008,-1,26002,,542008
26002009,-1,26002,,52002
26002010,-1,26002,,52003
26002011,-1,26002,,52005
26002012,-1,26002,,52006
26002013,-1,26002,,52008
26002014,-1,26002,,52009
26002015,-1,26002,,52010
26002016,-1,26002,,52001
26002017,-1,26002,,52004
26002018,-1,26002,,52007
26002019,-1,26002,,52011
26002020,-1,26002,,52012
26002021,-1,26002,,52013
26002022,-1,26002,,52014
26002023,-1,26002,,52015
26002024,-1,26002,,52016
26002025,-1,26002,,52017
26003001,-1,26003,,543001
26003002,-1,26003,,543002
26003003,-1,26003,,543003
26003004,-1,26003,,543004
26003005,-1,26003,,543005
26003006,-1,26003,,543006
26003007,-1,26003,,543007
26003008,-1,26003,,543008
26003009,-1,26003,,53002
26003010,-1,26003,,53003
26003011,-1,26003,,53005
26003012,-1,26003,,53006
26003013,-1,26003,,53008
26003014,-1,26003,,53009
26003015,-1,26003,,53010
26003016,-1,26003,,53004
26003017,-1,26003,,53001
26003018,-1,26003,,53011
26003019,-1,26003,,53007
26003020,-1,26003,,53012
26003021,-1,26003,,53013
26003022,-1,26003,,53014
26003023,-1,26003,,53015
26004001,-1,26004,,544001
26004002,-1,26004,,544002
26004003,-1,26004,,544003
26004004,-1,26004,,544004
26004005,-1,26004,,544005
26004006,-1,26004,,544006
26004007,-1,26004,,544007
26004008,-1,26004,,544008
26004009,-1,26004,,54001
26004010,-1,26004,,54002
26004011,-1,26004,,54003
26004012,-1,26004,,54004
26004013,-1,26004,,54005
26004014,-1,26004,,54006
26004015,-1,26004,,54009
26004016,-1,26004,,54007
26004017,-1,26004,,54008
26004018,-1,26004,,54010
26004019,-1,26004,,54011
26004020,-1,26004,,54012
26004021,-1,26004,,54013
26004022,-1,26004,,54014
26004023,-1,26004,,54015
26004024,-1,26004,,54016
200101001,-1,200101,500,45002
200101002,-1,200101,500,46002
200102001,-1,200102,250,54002
200102002,-1,200102,250,51004
200102003,-1,200102,250,52008
200102004,-1,200102,250,53008
210101001,-1,210101,313,51002
210101002,-1,210101,313,51009
210101003,-1,210101,313,51010
210101004,-1,210101,312,51006
210101005,-1,210101,312,51008
210101006,-1,210101,312,51011
210101007,-1,210101,312,51012
210101008,-1,210101,312,51013
210101009,-1,210101,313,52001
210101010,-1,210101,313,52002
210101011,-1,210101,313,52004
210101012,-1,210101,313,52005
210101013,-1,210101,313,52009
210101014,-1,210101,312,52007
210101015,-1,210101,312,52011
210101016,-1,210101,312,52012
210101017,-1,210101,312,52013
210101018,-1,210101,312,52014
210101019,-1,210101,312,52015
210101020,-1,210101,313,53002
210101021,-1,210101,313,53003
210101022,-1,210101,313,53004
210101023,-1,210101,313,53005
210101024,-1,210101,313,53010
210101025,-1,210101,312,53011
210101026,-1,210101,312,53001
210101027,-1,210101,312,53007
210101028,-1,210101,312,53012
210101029,-1,210101,312,53013
210101030,-1,210101,313,54001
210101031,-1,210101,313,54004
210101032,-1,210101,313,54006
210101033,-1,210101,312,54007
210101034,-1,210101,312,54009
210101035,-1,210101,312,54008
210101036,-1,210101,312,54010
210101037,-1,210101,312,54011
210101038,-1,210101,312,54012
210101039,-1,210101,312,54013
210101040,-1,210101,312,54014
220101001,-1,220101,,930203#50
220201001,-1,220201,,73#2
220201002,-1,220201,,170#2
220201003,-1,220201,,29#2
220201004,-1,220201,,956001#2
220201005,-1,220201,,36#3
220301001,-1,220301,,25#4
220301002,-1,220301,,940004#5
220301003,-1,220301,,940005#5
220301004,-1,220301,,940006#5
220301005,-1,220301,,940002#8
220301006,-1,220301,,216#40
220301007,-1,220301,,198#1500
220301008,-1,220301,,199#300
220401001,-1,220401,,14#350
220401002,-1,220401,,10#350
220401003,-1,220401,,4#600
220401004,-1,220401,,1#500000
220401005,-1,220401,,9#500000
220401006,-1,220401,,940001#15
220401007,-1,220401,,26#250
220401008,-1,220401,,27#30
230101001,-1,230101,100,115#1
230101002,-1,230101,100,116#1
230101003,-1,230101,100,14#300
230101004,-1,230101,100,10#300
230101005,-1,230101,100,36#1
230101006,-1,230101,100,29#1
230101007,-1,230101,100,35#2
230101008,-1,230101,100,25#1
230101009,-1,230101,100,940002#5
230101010,-1,230101,100,940001#10
240101001,-1,240101,100,1#200000
240101002,-1,240101,100,9#200000
240101003,-1,240101,100,10#150
240101004,-1,240101,100,14#150
240101005,-1,240101,100,940002#1
800009001,-1,800009,10,1#388000
800009002,-1,800009,10,9#388000
800009003,-1,800009,10,10#388
800009004,-1,800009,10,14#388
800009005,-1,800009,10,26#388
800009006,-1,800009,10,27#66
800010001,-1,800010,10,36#1
800010002,-1,800010,10,29#1
800010003,-1,800010,10,20#1
800010004,-1,800010,10,940002#10
800010005,-1,800010,10,956001#5
800011001,-1,800011,250,10#15000
800011002,-1,800011,200,26#6000
800011003,-1,800011,200,27#1000
800011004,-1,800011,150,10#20000
800011005,-1,800011,150,14#20000
800011006,-1,800011,50,956099#50
800012001,-1,800012,200,1#15000000
800012002,-1,800012,200,9#15000000
800012003,-1,800012,100,1#30000000
800012004,-1,800012,100,9#30000000
800012005,-1,800012,200,940003#3000
800012006,-1,800012,150,940002#150
800012007,-1,800012,50,940004#100
800013001,-1,800013,60,2#500
800013002,-1,800013,150,2#200
800013003,-1,800013,600,2#50
800013004,-1,800013,20,36#10
800013005,-1,800013,80,36#5
800013006,-1,800013,400,36#1
800013007,-1,800013,30,20#4
800013008,-1,800013,120,20#1
800013009,-1,800013,60,29#5
800013010,-1,800013,100,35#10
800013011,-1,800013,500,35#1
800013012,-1,800013,50,10#3000
800013013,-1,800013,500,10#300
800013014,-1,800013,50,14#3000
800013015,-1,800013,500,14#300
800013016,-1,800013,40,1#8000000
800013017,-1,800013,400,1#600000
800013018,-1,800013,40,9#8000000
800013019,-1,800013,400,9#600000
800013020,-1,800013,250,26#600
800013021,-1,800013,250,27#80
800013022,-1,800013,250,216#30
800013023,-1,800013,250,198#1250
800013024,-1,800013,250,199#250
800013025,-1,800013,10,940004#50
800013026,-1,800013,20,940002#50
800013027,-1,800013,400,940001#30
800013028,-1,800013,50,25#10
800013029,-1,800013,500,25#2
800013030,-1,800013,30,73#10
800013031,-1,800013,300,73#1
800013032,-1,800013,30,170#10
800013033,-1,800013,300,170#1
800014001,-1,800014,1000,219#1
800014002,-1,800014,1500,36#1
800014003,-1,800014,500,20#1
800014004,-1,800014,1200,29#1
800014005,-1,800014,1200,73#1
800014006,-1,800014,1000,25#1
800014007,-1,800014,900,1#1000000
800014008,-1,800014,900,9#1000000
800014009,-1,800014,900,14#800
800014010,-1,800014,900,10#800
800015001,-1,800015,1000,220#1
800015002,-1,800015,125,7085#1
800015003,-1,800015,125,7101#1
800015004,-1,800015,125,7102#1
800015005,-1,800015,125,7074#1
800015006,-1,800015,125,7105#1
800015007,-1,800015,125,7108#1
800015008,-1,800015,125,7065#1
800015009,-1,800015,125,7082#1
800015010,-1,800015,125,7062#1
800015011,-1,800015,125,7075#1
800015012,-1,800015,125,7080#1
800015013,-1,800015,125,7055#1
800015014,-1,800015,200,6104#1
800015015,-1,800015,200,6105#1
800015016,-1,800015,200,6106#1
800015017,-1,800015,200,6107#1
800015018,-1,800015,200,6108#1
800015019,-1,800015,200,6109#1
800015020,-1,800015,200,6383#1
800015021,-1,800015,200,6110#1
800015022,-1,800015,200,6111#1
800015023,-1,800015,200,6112#1
800015024,-1,800015,200,6113#1
800015025,-1,800015,200,6114#1
800015026,-1,800015,200,6115#1
800015027,-1,800015,200,6116#1
800015028,-1,800015,200,6389#1
800015029,-1,800015,200,6117#1
800015030,-1,800015,200,6395#1
800015031,-1,800015,100,6228#1
800015032,-1,800015,100,6229#1
800015033,-1,800015,100,6230#1
800015034,-1,800015,100,6231#1
800015035,-1,800015,100,6232#1
800015036,-1,800015,100,6233#1
800015037,-1,800015,100,6234#1
800015038,-1,800015,100,6235#1
800015039,-1,800015,100,6236#1
800015040,-1,800015,100,6401#1
800015041,-1,800015,100,6407#1
800015042,-1,800015,3000,940002#50
800016001,-1,800016,3000,930197#50
800016002,-1,800016,3000,930195#50
800016003,-1,800016,3000,930187#50
800016004,-1,800016,3000,930180#50
800016005,-1,800016,3000,930194#50
800016006,-1,800016,3000,930188#50
800016007,-1,800016,3000,930181#50
800016008,-1,800016,6000,930200#50
800016009,-1,800016,6000,930192#50
800016010,-1,800016,6000,930199#50
800016011,-1,800016,6000,930191#50
800016012,-1,800016,6000,930198#50
800016013,-1,800016,6000,930190#50
800016014,-1,800016,6000,930196#50
800016015,-1,800016,6000,930193#50
800016016,-1,800016,2000,940031#50
800016017,-1,800016,2000,940032#50
800016018,-1,800016,2000,940033#50
800016019,-1,800016,2000,940034#50
800016020,-1,800016,1000,940035#50
800016021,-1,800016,1000,940036#50
800016022,-1,800016,625,7031#1
800016023,-1,800016,625,7038#1
800016024,-1,800016,625,7099#1
800016025,-1,800016,625,7110#1
800016026,-1,800016,625,7132#1
800016027,-1,800016,625,7061#1
800016028,-1,800016,625,7041#1
800016029,-1,800016,625,7113#1
800016030,-1,800016,625,7130#1
800016031,-1,800016,625,7073#1
800016032,-1,800016,625,7043#1
800016033,-1,800016,625,7112#1
800016034,-1,800016,625,7115#1
800016035,-1,800016,625,7139#1
800016036,-1,800016,625,7034#1
800016037,-1,800016,625,7078#1
800016038,-1,800016,625,7109#1
800016039,-1,800016,625,7116#1
800016040,-1,800016,625,7140#1
800016041,-1,800016,625,7033#1
800016042,-1,800016,625,7106#1
800016043,-1,800016,625,7111#1
800016044,-1,800016,625,7118#1
800016045,-1,800016,625,7141#1
800016046,-1,800016,6000,170#80
800020001,-1,800020,300,956001#1
800020002,-1,800020,300,955001#4
800020003,-1,800020,300,73#1
800020004,-1,800020,300,36#1
800020005,-1,800020,600,74#3
800020006,-1,800020,500,940004#1
800020007,-1,800020,500,940016#1
800020008,-1,800020,500,940015#1
800020009,-1,800020,600,940002#1
800020010,-1,800020,700,940001#4
800020011,-1,800020,800,940003#10
800020012,-1,800020,500,25#1
800020013,-1,800020,500,24#1
800020014,-1,800020,600,35#1
800020015,-1,800020,600,14#100
800020016,-1,800020,600,10#100
800020017,-1,800020,900,1#100000
800020018,-1,800020,900,9#100000
900002001,-1,900002,133,56006
900002002,-1,900002,133,56005
900002003,-1,900002,134,56004
900002004,-1,900002,133,55007
900002005,-1,900002,133,55006
900002006,-1,900002,134,55003
900002007,-1,900002,460,51013
900002008,-1,900002,460,51012
900002009,-1,900002,460,51011
900002010,-1,900002,460,51008
900002011,-1,900002,460,51006
900002012,-1,900002,460,52014
900002013,-1,900002,460,52013
900002014,-1,900002,460,52012
900002015,-1,900002,460,52011
900002016,-1,900002,460,52007
900002017,-1,900002,460,53013
900002018,-1,900002,460,53012
900002019,-1,900002,460,53007
900002020,-1,900002,460,53011
900002021,-1,900002,460,53001
900002022,-1,900002,460,54012
900002023,-1,900002,460,54011
900002024,-1,900002,460,54010
900002025,-1,900002,460,54008
900002026,-1,900002,460,54001
900003001,-1,900003,53,56003
900003002,-1,900003,54,56001
900003003,-1,900003,53,56002
900003004,-1,900003,167,546001
900003005,-1,900003,167,546002
900003006,-1,900003,166,546003
900003007,-1,900003,53,55005
900003008,-1,900003,54,55002
900003009,-1,900003,53,55004
900003010,-1,900003,167,545001
900003011,-1,900003,167,545002
900003012,-1,900003,166,545003
900003013,-1,900003,115,51002
900003014,-1,900003,115,51010
900003015,-1,900003,115,51005
900003016,-1,900003,115,51001
900003017,-1,900003,115,51009
900003018,-1,900003,115,51007
900003019,-1,900003,115,51004
900003020,-1,900003,115,51003
900003021,-1,900003,156,541008
900003022,-1,900003,156,541007
900003023,-1,900003,156,541006
900003024,-1,900003,156,541005
900003025,-1,900003,156,541004
900003026,-1,900003,156,541003
900003027,-1,900003,157,541002
900003028,-1,900003,157,541001
900003029,-1,900003,103,52001
900003030,-1,900003,103,52002
900003031,-1,900003,102,52003
900003032,-1,900003,102,52004
900003033,-1,900003,102,52005
900003034,-1,900003,102,52006
900003035,-1,900003,102,52008
900003036,-1,900003,102,52009
900003037,-1,900003,102,52010
900003038,-1,900003,157,542001
900003039,-1,900003,157,542002
900003040,-1,900003,156,542003
900003041,-1,900003,156,542004
900003042,-1,900003,156,542005
900003043,-1,900003,156,542006
900003044,-1,900003,156,542007
900003045,-1,900003,156,542008
900003046,-1,900003,115,53002
900003047,-1,900003,115,53003
900003048,-1,900003,115,53004
900003049,-1,900003,115,53005
900003050,-1,900003,115,53006
900003051,-1,900003,115,53008
900003052,-1,900003,115,53009
900003053,-1,900003,115,53010
900003054,-1,900003,157,543001
900003055,-1,900003,157,543002
900003056,-1,900003,156,543003
900003057,-1,900003,156,543004
900003058,-1,900003,156,543005
900003059,-1,900003,156,543006
900003060,-1,900003,156,543007
900003061,-1,900003,156,543008
900003062,-1,900003,132,54004
900003063,-1,900003,132,54002
900003064,-1,900003,132,54003
900003065,-1,900003,131,54005
900003066,-1,900003,131,54006
900003067,-1,900003,131,54007
900003068,-1,900003,131,54009
900003069,-1,900003,157,544001
900003070,-1,900003,157,544002
900003071,-1,900003,156,544003
900003072,-1,900003,156,544004
900003073,-1,900003,156,544005
900003074,-1,900003,156,544006
900003075,-1,900003,156,544007
900003076,-1,900003,156,544008
900004001,-1,900004,250,46001
900004002,-1,900004,250,46002
900004003,-1,900004,250,46003
900004004,-1,900004,250,45001
900004005,-1,900004,250,45002
900004006,-1,900004,250,45003
900004007,-1,900004,266,41001
900004008,-1,900004,266,41002
900004009,-1,900004,266,41003
900004010,-1,900004,266,41004
900004011,-1,900004,266,41005
900004012,-1,900004,265,41006
900004013,-1,900004,265,41007
900004014,-1,900004,265,41008
900004015,-1,900004,266,42001
900004016,-1,900004,266,42002
900004017,-1,900004,266,42003
900004018,-1,900004,266,42004
900004019,-1,900004,266,42005
900004020,-1,900004,265,42006
900004021,-1,900004,265,42007
900004022,-1,900004,265,42008
900004023,-1,900004,266,43001
900004024,-1,900004,266,43002
900004025,-1,900004,266,43003
900004026,-1,900004,266,43004
900004027,-1,900004,266,43005
900004028,-1,900004,265,43006
900004029,-1,900004,265,43007
900004030,-1,900004,265,43008
900004031,-1,900004,266,44001
900004032,-1,900004,266,44002
900004033,-1,900004,266,44003
900004034,-1,900004,266,44004
900004035,-1,900004,266,44005
900004036,-1,900004,265,44006
900004037,-1,900004,265,44007
900004038,-1,900004,265,44008
900005001,-1,900005,253,56007
900005002,-1,900005,253,56006
900005003,-1,900005,253,56005
900005004,-1,900005,253,56004
900005005,-1,900005,840,56003
900005006,-1,900005,253,55008
900005007,-1,900005,253,55007
900005008,-1,900005,253,55006
900005009,-1,900005,253,55003
900005010,-1,900005,840,55005
900005011,-1,900005,1012,54014
900005012,-1,900005,1012,54012
900005013,-1,900005,1012,54011
900005014,-1,900005,1012,54010
900005015,-1,900005,1012,54008
900005016,-1,900005,1012,54007
900005017,-1,900005,1012,53013
900005018,-1,900005,1012,53012
900005019,-1,900005,1012,53007
900005020,-1,900005,1012,53011
900005021,-1,900005,1012,53001
900005022,-1,900005,1012,53004
900005023,-1,900005,870,52014
900005024,-1,900005,870,52013
900005025,-1,900005,870,52012
900005026,-1,900005,870,52011
900005027,-1,900005,870,52007
900005028,-1,900005,870,52004
900005029,-1,900005,870,52001
900005030,-1,900005,1012,51013
900005031,-1,900005,1012,51012
900005032,-1,900005,1012,51011
900005033,-1,900005,1012,51008
900005034,-1,900005,1012,51006
900005035,-1,900005,1012,51002
900005036,-1,900005,845,56002
900005037,-1,900005,845,56001
900005038,-1,900005,845,55004
900005039,-1,900005,845,55002
900005040,-1,900005,1736,54009
900005041,-1,900005,1736,54006
900005042,-1,900005,1736,54005
900005043,-1,900005,1736,54004
900005044,-1,900005,1736,54003
900005045,-1,900005,1736,54002
900005046,-1,900005,1736,54001
900005047,-1,900005,1736,53010
900005048,-1,900005,1736,53009
900005049,-1,900005,1736,53008
900005050,-1,900005,1736,53006
900005051,-1,900005,1736,53005
900005052,-1,900005,1736,53003
900005053,-1,900005,1736,53002
900005054,OD-01,900005,1736,52010
900005055,-1,900005,1736,52009
900005056,-1,900005,1736,52008
900005057,-1,900005,1736,52006
900005058,-1,900005,1736,52005
900005059,-1,900005,1736,52003
900005060,-1,900005,1736,52002
900005061,-1,900005,1736,51010
900005062,-1,900005,1736,51009
900005063,-1,900005,1736,51007
900005064,-1,900005,1736,51005
900005065,-1,900005,1736,51004
900005066,-1,900005,1737,51003
900005067,-1,900005,1737,51001
900005068,-1,900005,4237,46003
900005069,-1,900005,4237,46002
900005070,-1,900005,4238,46001
900005071,-1,900005,4237,45003
900005072,-1,900005,4237,45002
900005073,-1,900005,4238,45001
900005074,-1,900005,4168,44008
900005075,-1,900005,4168,44007
900005076,-1,900005,4168,44006
900005077,-1,900005,4168,44005
900005078,-1,900005,4168,44004
900005079,-1,900005,4168,44003
900005080,-1,900005,4168,44002
900005081,-1,900005,4168,44001
900005082,-1,900005,4168,43008
900005083,-1,900005,4168,43007
900005084,-1,900005,4168,43006
900005085,-1,900005,4168,43005
900005086,-1,900005,4168,43004
900005087,-1,900005,4168,43003
900005088,-1,900005,4168,43002
900005089,-1,900005,4168,43001
900005090,-1,900005,4168,42008
900005091,-1,900005,4168,42007
900005092,LM-02,900005,4168,42006
900005093,-1,900005,4168,42005
900005094,-1,900005,4168,42004
900005095,-1,900005,4168,42003
900005096,-1,900005,4168,42002
900005097,-1,900005,4168,42001
900005098,-1,900005,4168,41008
900005099,-1,900005,4168,41007
900005100,-1,900005,4168,41006
900005101,-1,900005,4168,41005
900005102,-1,900005,4168,41004
900005103,-1,900005,4168,41003
900005104,-1,900005,4168,41002
900005105,-1,900005,4168,41001
900005106,-1,900005,54880,36001
900005107,-1,900005,54880,35001
900005108,-1,900005,32572,34005
900005109,-1,900005,32572,34004
900005110,-1,900005,32572,34003
900005111,-1,900005,32572,34002
900005112,-1,900005,32572,34001
900005113,-1,900005,32572,33005
900005114,-1,900005,32572,33004
900005115,-1,900005,32572,33003
900005116,-1,900005,32572,33002
900005117,-1,900005,32572,33001
900005118,MK-05,900005,32572,32005
900005119,-1,900005,32572,32004
900005120,-1,900005,32572,32003
900005121,-1,900005,32572,32002
900005122,-1,900005,32572,32001
900005123,-1,900005,32572,31005
900005124,-1,900005,32572,31004
900005125,-1,900005,32572,31003
900005126,-1,900005,32572,31002
900005127,-1,900005,32572,31001
1101001001,-1,1101001,2500,9#50000#60000
1101001002,-1,1101001,2500,1#50000#60000
1101001003,-1,1101001,2500,14#50#60
1101001004,-1,1101001,2500,10#60#65
1101002001,-1,1101002,2500,9#60000#70000
1101002002,-1,1101002,2500,1#60000#70000
1101002003,-1,1101002,2500,14#60#70
1101002004,-1,1101002,2500,10#70#75
1101003001,-1,1101003,2500,9#70000#80000
1101003002,-1,1101003,2500,1#70000#80000
1101003003,-1,1101003,2500,14#70#80
1101003004,-1,1101003,2500,10#80#85
1101004001,-1,1101004,2500,9#80000#90000
1101004002,-1,1101004,2500,1#80000#90000
1101004003,-1,1101004,2500,14#80#90
1101004004,-1,1101004,2500,10#90#95
1101005001,-1,1101005,2500,9#90000#100000
1101005002,-1,1101005,2500,1#90000#100000
1101005003,-1,1101005,2500,14#90#100
1101005004,-1,1101005,2500,10#100#105
1101006001,-1,1101006,2500,9#100000#110000
1101006002,-1,1101006,2500,1#100000#110000
1101006003,-1,1101006,2500,14#100#110
1101006004,-1,1101006,2500,10#110#115
1101007001,-1,1101007,2500,9#120000#130000
1101007002,-1,1101007,2500,1#120000#130000
1101007003,-1,1101007,2500,14#110#120
1101007004,-1,1101007,2500,10#120#125
1101008001,-1,1101008,2500,9#140000#150000
1101008002,-1,1101008,2500,1#140000#150000
1101008003,-1,1101008,2500,14#120#130
1101008004,-1,1101008,2500,10#130#135
1101009001,-1,1101009,2500,9#160000#170000
1101009002,-1,1101009,2500,1#160000#170000
1101009003,-1,1101009,2500,14#130#140
1101009004,-1,1101009,2500,10#140#145
1101010001,-1,1101010,2500,9#200000#210000
1101010002,-1,1101010,2500,1#200000#210000
1101010003,-1,1101010,2500,14#140#150
1101010004,-1,1101010,2500,10#150#155
1102001001,-1,1102001,2500,9#60000#72000
1102001002,-1,1102001,2500,1#60000#72000
1102001003,-1,1102001,2500,14#60#72
1102001004,-1,1102001,2500,10#72#78
1102002001,-1,1102002,2500,9#72000#84000
1102002002,-1,1102002,2500,1#72000#84000
1102002003,-1,1102002,2500,14#72#84
1102002004,-1,1102002,2500,10#84#90
1102003001,-1,1102003,2500,9#84000#96000
1102003002,-1,1102003,2500,1#84000#96000
1102003003,-1,1102003,2500,14#84#96
1102003004,-1,1102003,2500,10#96#102
1102004001,-1,1102004,2500,9#96000#108000
1102004002,-1,1102004,2500,1#96000#108000
1102004003,-1,1102004,2500,14#96#108
1102004004,-1,1102004,2500,10#108#114
1102005001,-1,1102005,2500,9#108000#120000
1102005002,-1,1102005,2500,1#108000#120000
1102005003,-1,1102005,2500,14#108#120
1102005004,-1,1102005,2500,10#120#126
1102006001,-1,1102006,2500,9#120000#132000
1102006002,-1,1102006,2500,1#120000#132000
1102006003,-1,1102006,2500,14#120#132
1102006004,-1,1102006,2500,10#132#138
1102007001,-1,1102007,2500,9#144000#156000
1102007002,-1,1102007,2500,1#144000#156000
1102007003,-1,1102007,2500,14#132#144
1102007004,-1,1102007,2500,10#144#150
1102008001,-1,1102008,2500,9#168000#180000
1102008002,-1,1102008,2500,1#168000#180000
1102008003,-1,1102008,2500,14#144#156
1102008004,-1,1102008,2500,10#156#162
1102009001,-1,1102009,2500,9#192000#204000
1102009002,-1,1102009,2500,1#192000#204000
1102009003,-1,1102009,2500,14#156#168
1102009004,-1,1102009,2500,10#168#174
1102010001,-1,1102010,2500,9#240000#252000
1102010002,-1,1102010,2500,1#240000#252000
1102010003,-1,1102010,2500,14#168#180
1102010004,-1,1102010,2500,10#180#186
1103001001,-1,1103001,10000,203#10#10
1104001001,-1,1104001,10000,203#20#20
1105001001,-1,1105001,2000,1#100000
1105001002,-1,1105001,2000,9#100000
1105001003,-1,1105001,1600,10#80
1105001004,-1,1105001,1200,14#80
1105001005,-1,1105001,1600,940003#10
1105001006,-1,1105001,1600,940001#3
1106001001,-1,1106001,2000,1#150000
1106001002,-1,1106001,1800,9#150000
1106001003,-1,1106001,1700,10#100
1106001004,-1,1106001,1100,26#60
1106001005,-1,1106001,1700,940003#15
1106001006,-1,1106001,1700,940001#4
1107001001,-1,1107001,1200,1#200000
1107001002,-1,1107001,1200,9#200000
1107001003,-1,1107001,1000,10#120
1107001004,-1,1107001,1000,14#120
1107001005,-1,1107001,1000,27#10
1107001006,-1,1107001,800,26#80
1107001007,-1,1107001,1500,940001#6
1107001008,-1,1107001,1000,940002#2
1107001009,-1,1107001,1000,35#1
1107001010,-1,1107001,300,2#30
1108001001,-1,1108001,1000,1#250000
1108001002,-1,1108001,1000,9#250000
1108001003,-1,1108001,900,10#140
1108001004,-1,1108001,900,14#140
1108001005,-1,1108001,900,26#70
1108001006,-1,1108001,600,27#10
1108001007,-1,1108001,1500,940001#10
1108001008,-1,1108001,1000,940002#4
1108001009,-1,1108001,600,35#2
1108001010,-1,1108001,300,25#1
1108001011,-1,1108001,800,955001#1
1108001012,-1,1108001,300,2#40
1108001013,-1,1108001,200,940004#1
1109001001,-1,1109001,500,1#300000
1109001002,-1,1109001,800,9#300000
1109001003,-1,1109001,800,10#250
1109001004,-1,1109001,800,14#250
1109001005,-1,1109001,800,198#100
1109001006,-1,1109001,500,27#25
1109001007,-1,1109001,1000,940002#5
1109001008,-1,1109001,300,940004#2
1109001009,-1,1109001,600,36#1
1109001010,-1,1109001,600,29#1
1109001011,-1,1109001,600,35#3
1109001012,-1,1109001,600,25#2
1109001013,-1,1109001,600,955001#2
1109001014,-1,1109001,500,2#50
1109001015,-1,1109001,500,199#30
1109001016,-1,1109001,500,216#10
1110001001,-1,1110001,500,1#350000
1110001002,-1,1110001,800,9#350000
1110001003,-1,1110001,800,10#300
1110001004,-1,1110001,800,14#300
1110001005,-1,1110001,800,198#120
1110001006,-1,1110001,500,27#30
1110001007,-1,1110001,700,940002#8
1110001008,-1,1110001,300,940004#3
1110001009,-1,1110001,600,36#2
1110001010,-1,1110001,600,29#1
1110001011,-1,1110001,600,35#5
1110001012,-1,1110001,600,25#2
1110001013,-1,1110001,600,956001#1
1110001014,-1,1110001,500,2#80
1110001015,-1,1110001,500,199#40
1110001016,-1,1110001,300,20#1
1110001017,-1,1110001,500,216#15
1110101001,-1,1110101,500,1#350000
1110101002,-1,1110101,800,9#350000
1110101003,-1,1110101,800,10#300
1110101004,-1,1110101,800,14#300
1110101005,-1,1110101,800,198#120
1110101006,-1,1110101,500,27#30
1110101007,-1,1110101,700,940002#8
1110101008,-1,1110101,300,940004#3
1110101009,-1,1110101,600,36#2
1110101010,-1,1110101,600,29#1
1110101011,-1,1110101,600,35#5
1110101012,-1,1110101,600,25#2
1110101013,-1,1110101,600,956001#1
1110101014,-1,1110101,500,2#80
1110101015,-1,1110101,500,199#40
1110101016,-1,1110101,300,20#1
1110101017,-1,1110101,500,216#15
1110102001,-1,1110102,500,1#350000
1110102002,-1,1110102,800,9#350000
1110102003,-1,1110102,800,10#300
1110102004,-1,1110102,800,14#300
1110102005,-1,1110102,800,198#120
1110102006,-1,1110102,500,27#30
1110102007,-1,1110102,700,940002#8
1110102008,-1,1110102,300,940004#3
1110102009,-1,1110102,600,36#2
1110102010,-1,1110102,600,29#1
1110102011,-1,1110102,600,35#5
1110102012,-1,1110102,600,25#2
1110102013,-1,1110102,600,956001#1
1110102014,-1,1110102,500,2#80
1110102015,-1,1110102,500,199#40
1110102016,-1,1110102,300,20#1
1110102017,-1,1110102,500,216#15
1110103001,-1,1110103,500,1#350000
1110103002,-1,1110103,800,9#350000
1110103003,-1,1110103,800,10#300
1110103004,-1,1110103,800,14#300
1110103005,-1,1110103,800,198#120
1110103006,-1,1110103,500,27#30
1110103007,-1,1110103,700,940002#8
1110103008,-1,1110103,300,940004#3
1110103009,-1,1110103,600,36#2
1110103010,-1,1110103,600,29#1
1110103011,-1,1110103,600,35#5
1110103012,-1,1110103,600,25#2
1110103013,-1,1110103,600,956001#1
1110103014,-1,1110103,500,2#80
1110103015,-1,1110103,500,199#40
1110103016,-1,1110103,300,20#1
1110103017,-1,1110103,500,216#15
1110104001,-1,1110104,500,1#350000
1110104002,-1,1110104,800,9#350000
1110104003,-1,1110104,800,10#300
1110104004,-1,1110104,800,14#300
1110104005,-1,1110104,800,198#120
1110104006,-1,1110104,500,27#30
1110104007,-1,1110104,700,940002#8
1110104008,-1,1110104,300,940004#3
1110104009,-1,1110104,600,36#2
1110104010,-1,1110104,600,29#1
1110104011,-1,1110104,600,35#5
1110104012,-1,1110104,600,25#2
1110104013,-1,1110104,600,956001#1
1110104014,-1,1110104,500,2#80
1110104015,-1,1110104,500,199#40
1110104016,-1,1110104,300,20#1
1110104017,-1,1110104,500,216#15
1110105001,-1,1110105,500,1#350000
1110105002,-1,1110105,800,9#350000
1110105003,-1,1110105,800,10#300
1110105004,-1,1110105,800,14#300
1110105005,-1,1110105,800,198#120
1110105006,-1,1110105,500,27#30
1110105007,-1,1110105,700,940002#8
1110105008,-1,1110105,300,940004#3
1110105009,-1,1110105,600,36#2
1110105010,-1,1110105,600,29#1
1110105011,-1,1110105,600,35#5
1110105012,-1,1110105,600,25#2
1110105013,-1,1110105,600,956001#1
1110105014,-1,1110105,500,2#80
1110105015,-1,1110105,500,199#40
1110105016,-1,1110105,300,20#1
1110105017,-1,1110105,500,216#15
1110106001,-1,1110106,500,1#350000
1110106002,-1,1110106,800,9#350000
1110106003,-1,1110106,800,10#300
1110106004,-1,1110106,800,14#300
1110106005,-1,1110106,800,198#120
1110106006,-1,1110106,500,27#30
1110106007,-1,1110106,700,940002#8
1110106008,-1,1110106,300,940004#3
1110106009,-1,1110106,600,36#2
1110106010,-1,1110106,600,29#1
1110106011,-1,1110106,600,35#5
1110106012,-1,1110106,600,25#2
1110106013,-1,1110106,600,956001#1
1110106014,-1,1110106,500,2#80
1110106015,-1,1110106,500,199#40
1110106016,-1,1110106,300,20#1
1110106017,-1,1110106,500,216#15
1110107001,-1,1110107,500,1#350000
1110107002,-1,1110107,800,9#350000
1110107003,-1,1110107,800,10#300
1110107004,-1,1110107,800,14#300
1110107005,-1,1110107,800,198#120
1110107006,-1,1110107,500,27#30
1110107007,-1,1110107,700,940002#8
1110107008,-1,1110107,300,940004#3
1110107009,-1,1110107,600,36#2
1110107010,-1,1110107,600,29#1
1110107011,-1,1110107,600,35#5
1110107012,-1,1110107,600,25#2
1110107013,-1,1110107,600,956001#1
1110107014,-1,1110107,500,2#80
1110107015,-1,1110107,500,199#40
1110107016,-1,1110107,300,20#1
1110107017,-1,1110107,500,216#15
1110108001,-1,1110108,500,1#350000
1110108002,-1,1110108,800,9#350000
1110108003,-1,1110108,800,10#300
1110108004,-1,1110108,800,14#300
1110108005,-1,1110108,800,198#120
1110108006,-1,1110108,500,27#30
1110108007,-1,1110108,700,940002#8
1110108008,-1,1110108,300,940004#3
1110108009,-1,1110108,600,36#2
1110108010,-1,1110108,600,29#1
1110108011,-1,1110108,600,35#5
1110108012,-1,1110108,600,25#2
1110108013,-1,1110108,600,956001#1
1110108014,-1,1110108,500,2#80
1110108015,-1,1110108,500,199#40
1110108016,-1,1110108,300,20#1
1110108017,-1,1110108,500,216#15
1110109001,-1,1110109,500,1#350000
1110109002,-1,1110109,800,9#350000
1110109003,-1,1110109,800,10#300
1110109004,-1,1110109,800,14#300
1110109005,-1,1110109,800,198#120
1110109006,-1,1110109,500,27#30
1110109007,-1,1110109,700,940002#8
1110109008,-1,1110109,300,940004#3
1110109009,-1,1110109,600,36#2
1110109010,-1,1110109,600,29#1
1110109011,-1,1110109,600,35#5
1110109012,-1,1110109,600,25#2
1110109013,-1,1110109,600,956001#1
1110109014,-1,1110109,500,2#80
1110109015,-1,1110109,500,199#40
1110109016,-1,1110109,300,20#1
1110109017,-1,1110109,500,216#15
1110110001,-1,1110110,500,1#350000
1110110002,-1,1110110,800,9#350000
1110110003,-1,1110110,800,10#300
1110110004,-1,1110110,800,14#300
1110110005,-1,1110110,800,198#120
1110110006,-1,1110110,500,27#30
1110110007,-1,1110110,700,940002#8
1110110008,-1,1110110,300,940004#3
1110110009,-1,1110110,600,36#2
1110110010,-1,1110110,600,29#1
1110110011,-1,1110110,600,35#5
1110110012,-1,1110110,600,25#2
1110110013,-1,1110110,600,956001#1
1110110014,-1,1110110,500,2#80
1110110015,-1,1110110,500,199#40
1110110016,-1,1110110,300,20#1
1110110017,-1,1110110,500,216#15
1210101001,-1,1210101,50,940006#50
1210101002,-1,1210101,50,940005#50
1210101003,-1,1210101,150,940004#50
1210101004,-1,1210101,75,940016#50
1210101005,-1,1210101,75,940015#50
1210101006,-1,1210101,200,940002#50
1210101007,-1,1210101,300,1066#1
1210101008,-1,1210101,300,2066#1
1210101009,-1,1210101,300,3066#1
1210101010,-1,1210101,300,4066#1
1210101011,-1,1210101,300,20#1
1210101012,-1,1210101,600,36#1
1210101013,-1,1210101,400,29#1
1210101014,-1,1210101,400,73#1
1210101015,-1,1210101,500,170#1
1210101016,-1,1210101,1500,9#200000
1210101017,-1,1210101,1500,14#100
1210101018,-1,1210101,1500,10#150
1210101019,-1,1210101,1500,35#2
1210102001,-1,1210102,4340,2#50
1210102002,-1,1210102,2800,2#150
1210102003,-1,1210102,1500,2#300
1210102004,-1,1210102,600,2#500
1210102005,-1,1210102,300,2#1000
1210102006,-1,1210102,200,2#2500
1210102007,-1,1210102,150,2#3000
1210102008,-1,1210102,100,2#3500
1210102009,-1,1210102,5,2#4000
1210102010,-1,1210102,5,2#4500
50001001,-1,50001,567,3100025#1
50001002,-1,50001,567,3100031#1
50001003,-1,50001,567,3100037#1
50001004,-1,50001,567,3100043#1
50001005,-1,50001,567,3100049#1
50001006,-1,50001,567,3100085#1
50001007,-1,50001,567,3100091#1
50001008,-1,50001,567,3100097#1
50001009,-1,50001,567,3100103#1
50001010,-1,50001,567,3100109#1
50001011,-1,50001,566,3100115#1
50001012,-1,50001,566,3100121#1
50001013,-1,50001,566,3100127#1
50001014,-1,50001,566,3100133#1
50001015,-1,50001,566,3100505#1
50001016,-1,50001,1334,3100199#1
50001017,-1,50001,1334,3100205#1
50001018,-1,50001,1334,3100211#1
50001019,-1,50001,1334,3100217#1
50001020,-1,50001,1334,3100223#1
50001021,-1,50001,1333,3100325#1
50001022,-1,50001,1333,3100331#1
50001023,-1,50001,1333,3100337#1
50001024,-1,50001,1333,3100343#1
50001025,-1,50001,1333,3100349#1
50001026,-1,50001,1333,3100355#1
50001027,-1,50001,1333,3100361#1
50001028,-1,50001,1333,3100367#1
50001029,-1,50001,1333,3100373#1
50001030,-1,50001,1333,3100379#1
50001031,-1,50001,2134,3100169#1
50001032,-1,50001,2134,3100175#1
50001033,-1,50001,2134,3100181#1
50001034,-1,50001,2134,3100187#1
50001035,-1,50001,2134,3100193#1
50001036,-1,50001,2133,3100385#1
50001037,-1,50001,2133,3100391#1
50001038,-1,50001,2133,3100397#1
50001039,-1,50001,2133,3100403#1
50001040,-1,50001,2133,3100409#1
50001041,-1,50001,2133,3100415#1
50001042,-1,50001,2133,3100421#1
50001043,-1,50001,2133,3100427#1
50001044,-1,50001,2133,3100433#1
50001045,-1,50001,2133,3100439#1
50001046,-1,50001,3800,3100229#1
50001047,-1,50001,3800,3100235#1
50001048,-1,50001,3800,3100241#1
50001049,-1,50001,3800,3100247#1
50001050,-1,50001,3800,3100253#1
50001051,-1,50001,3800,3100445#1
50001052,-1,50001,3800,3100451#1
50001053,-1,50001,3800,3100457#1
50001054,-1,50001,3800,3100463#1
50001055,-1,50001,3800,3100469#1
50002001,-1,50002,60,3100055#1
50002002,-1,50002,60,3100061#1
50002003,-1,50002,60,3100067#1
50002004,-1,50002,60,3100073#1
50002005,-1,50002,60,3100079#1
50002006,-1,50002,60,3100139#1
50002007,-1,50002,60,3100145#1
50002008,-1,50002,60,3100151#1
50002009,-1,50002,60,3100157#1
50002010,-1,50002,60,3100163#1
50002011,-1,50002,60,3100265#1
50002012,-1,50002,60,3100271#1
50002013,-1,50002,60,3100277#1
50002014,-1,50002,60,3100283#1
50002015,-1,50002,60,3100289#1
50002016,-1,50002,60,3100295#1
50002017,-1,50002,60,3100301#1
50002018,-1,50002,60,3100307#1
50002019,-1,50002,60,3100313#1
50002020,-1,50002,60,3100319#1
50002021,-1,50002,60,3100475#1
50002022,-1,50002,60,3100481#1
50002023,-1,50002,60,3100487#1
50002024,-1,50002,60,3100493#1
50002025,-1,50002,60,3100499#1
50003001,-1,50003,567,3100025#1
50003002,-1,50003,567,3100031#1
50003003,-1,50003,567,3100037#1
50003004,-1,50003,567,3100043#1
50003005,-1,50003,567,3100049#1
50003006,-1,50003,567,3100085#1
50003007,-1,50003,567,3100091#1
50003008,-1,50003,567,3100097#1
50003009,-1,50003,567,3100103#1
50003010,-1,50003,567,3100109#1
50003011,-1,50003,566,3100115#1
50003012,-1,50003,566,3100121#1
50003013,-1,50003,566,3100127#1
50003014,-1,50003,566,3100133#1
50003015,-1,50003,566,3100505#1
50003016,-1,50003,1334,3100199#1
50003017,-1,50003,1334,3100205#1
50003018,-1,50003,1334,3100211#1
50003019,-1,50003,1334,3100217#1
50003020,-1,50003,1334,3100223#1
50003021,-1,50003,1333,3100325#1
50003022,-1,50003,1333,3100331#1
50003023,-1,50003,1333,3100337#1
50003024,-1,50003,1333,3100343#1
50003025,-1,50003,1333,3100349#1
50003026,-1,50003,1333,3100355#1
50003027,-1,50003,1333,3100361#1
50003028,-1,50003,1333,3100367#1
50003029,-1,50003,1333,3100373#1
50003030,-1,50003,1333,3100379#1
50003031,-1,50003,2134,3100169#1
50003032,-1,50003,2134,3100175#1
50003033,-1,50003,2134,3100181#1
50003034,-1,50003,2134,3100187#1
50003035,-1,50003,2134,3100193#1
50003036,-1,50003,2133,3100385#1
50003037,-1,50003,2133,3100391#1
50003038,-1,50003,2133,3100397#1
50003039,-1,50003,2133,3100403#1
50003040,-1,50003,2133,3100409#1
50003041,-1,50003,2133,3100415#1
50003042,-1,50003,2133,3100421#1
50003043,-1,50003,2133,3100427#1
50003044,-1,50003,2133,3100433#1
50003045,-1,50003,2133,3100439#1
50003046,-1,50003,3800,3100229#1
50003047,-1,50003,3800,3100235#1
50003048,-1,50003,3800,3100241#1
50003049,-1,50003,3800,3100247#1
50003050,-1,50003,3800,3100253#1
50003051,-1,50003,3800,3100445#1
50003052,-1,50003,3800,3100451#1
50003053,-1,50003,3800,3100457#1
50003054,-1,50003,3800,3100463#1
50003055,-1,50003,3800,3100469#1
50004001,-1,50004,38,3100055#1
50004002,-1,50004,37,3100061#1
50004003,-1,50004,38,3100067#1
50004004,-1,50004,37,3100073#1
50004005,-1,50004,38,3100079#1
50004006,-1,50004,37,3100265#1
50004007,-1,50004,38,3100271#1
50004008,-1,50004,37,3100277#1
50004009,-1,50004,38,3100283#1
50004010,-1,50004,37,3100289#1
50004011,-1,50004,38,3100295#1
50004012,-1,50004,37,3100301#1
50004013,-1,50004,38,3100307#1
50004014,-1,50004,37,3100313#1
50004015,-1,50004,38,3100319#1
50004016,-1,50004,37,3100475#1
50004017,-1,50004,38,3100481#1
50004018,-1,50004,37,3100487#1
50004019,-1,50004,38,3100493#1
50004020,-1,50004,37,3100499#1
50005001,-1,50005,150,3100139#1
50005002,-1,50005,150,3100145#1
50005003,-1,50005,150,3100151#1
50005004,-1,50005,150,3100157#1
50005005,-1,50005,150,3100163#1
