id,partner_link,skin,name,lv,grade,hp,atk,hpP,atkP,armP,spdP,energy_ex,miss,hit,crit,critTime,sklP,decDmg,free,brk,trueAtk,is_boss,lv_show,scale,is_player_use,skill,equip_6,exskill
1801030,752013,,-1,250,6,3264981,48338,1,1,1,1,,200,500,300,200,200,300,700,200,100,0,330,,,,,
1801031,752008,,-1,250,6,4264981,28338,1,1,1,1,,200,500,300,200,200,300,700,200,100,0,330,,,,,
1801032,754010,,-1,250,6,5264987,48886,1,1,1,1,,200,500,300,200,200,200,700,200,100,0,330,,,,,
1801033,752014,,-1,250,6,4864981,48338,1,1,1,1,,200,500,300,200,200,200,700,200,100,0,330,,,,,
1801034,751001,,-1,300,6,2793393,37028,1,1,1,1,,200,400,0,0,0,0,500,0,0,0,250,,,,,
1801035,753001,,-1,300,6,2780141,35558,1,1,1,1,,200,400,0,0,0,0,500,0,0,0,250,,,,,
1801036,755004,,-1,300,6,2904322,46967,1,1,1,1,,200,400,0,0,0,0,500,0,0,0,250,,,,,
1801037,754007,,-1,300,6,2640423,40558,1,1,1,1,,200,400,0,0,0,0,500,0,0,0,250,,,,,
1801038,756003,,-1,310,6,4141546,46967,1,1,1,1,,200,500,0,0,0,0,600,0,0,0,250,,,,,
1801039,755003,,-1,310,6,4341546,55558,1,1,1,1,,200,500,0,0,0,0,600,0,0,0,250,,,,,
1801040,753012,,-1,310,6,4541546,50558,1,1,1,1,,200,500,200,200,200,100,700,200,100,0,250,,,,,
1801041,753013,,-1,310,6,4141546,45558,1,1,1,1,,200,500,200,200,200,100,700,200,100,0,250,,,,,
1801042,751012,,-1,310,6,4541546,50558,1,1,1,1,,200,500,200,200,200,100,700,200,100,0,250,,,,,
1801043,751005,,-1,310,6,4141546,40558,1,1,1,1,,200,500,200,200,200,100,700,200,100,0,250,,,,,
1801044,754009,,-1,330,6,5264981,50338,1,1,1,1,,300,600,0,0,0,0,800,0,0,0,330,,,,,
1801045,754001,,-1,330,6,5864982,58338,1,1,1,1,,300,600,0,0,0,0,800,0,0,0,330,,,,,
1801046,753008,,-1,330,6,6264981,48338,1,1,1,1,,300,600,0,0,0,0,800,0,0,0,330,,,,,
1801047,756001,,-1,330,6,5264987,55690,1,1,1,1,,300,600,200,200,200,200,800,200,100,0,330,,,,,
1801048,755001,,-1,330,6,5264981,51690,1,1,1,1,,300,600,200,200,200,200,800,200,100,0,330,,,,,
1801049,753013,,-1,330,6,6264981,55690,1,1,1,1,,300,600,200,200,200,200,800,200,100,0,330,,,,,
1801050,756007,,-1,330,6,5864987,56690,1,1,1,1,,300,600,200,200,200,200,800,200,100,0,330,,,,,
1801051,755007,,-1,330,6,6264987,51690,1,1,1,1,,300,600,200,200,200,200,800,200,100,0,330,,,,,
1802001,753004,,-1,250,6,800000,16000,1,1,1,1,,50,100,0,0,0,0,300,0,0,0,200,,,,,
1802002,752006,,-1,250,6,800000,16000,1,1,1,1,,50,200,0,0,0,0,300,0,0,0,200,,,,,
1802003,751008,,-1,250,6,800000,16000,1,1,1,1,,50,200,0,0,0,0,300,0,0,0,200,,,,,
1802004,751009,,-1,250,6,1450000,22000,1,1,1,1,,100,300,0,0,0,0,400,0,0,0,220,,,,,
1802005,751010,,-1,250,6,1450000,25000,1,1,1,1,,100,300,0,0,0,0,400,0,0,0,220,,,,,
1802006,754004,,-1,250,6,1450000,22000,1,1,1,1,,100,400,0,0,0,0,400,0,0,0,220,,,,,
1802007,751002,,-1,250,6,2074714,23222,1,1,1,1,,150,400,0,0,0,0,500,0,0,0,230,,,,,
1802008,754003,,-1,250,6,2064112,23646,1,1,1,1,,150,400,0,0,0,0,500,0,0,0,230,,,,,
1802009,754012,,-1,250,6,3132242,35690,1,1,1,1,,150,450,0,0,0,0,500,0,0,0,230,,,,,
1802010,754011,,-1,250,6,3250000,39169,1,1,1,1,,150,450,0,0,0,0,500,0,0,0,230,,,,,
1802011,752009,,-1,250,6,2403457,34373,1,1,1,1,,200,500,0,0,0,0,600,0,0,0,250,,,,,
1802012,752004,,-1,200,6,1920000,20822,1,1,1,1,,200,500,0,0,0,0,600,0,0,0,250,,,,,
1802013,751007,,-1,250,6,3240423,38558,1,1,1,1,,200,500,0,0,0,0,600,0,0,0,250,,,,,
1802014,751013,,-1,250,6,3296726,32690,1,1,1,1,,200,500,0,0,0,0,600,0,0,0,250,,,,,
1802015,754013,,-1,250,6,4064981,40338,1,1,1,1,,200,500,0,0,0,0,600,0,0,0,250,,,,,
1802016,753003,,-1,250,6,2245044,27021,1,1,1,1,,200,400,0,0,0,0,500,0,0,0,220,,,,,
1802017,754004,,-1,250,6,2235105,26668,1,1,1,1,,200,400,0,0,0,0,500,0,0,0,220,,,,,
1802018,754006,,-1,250,6,2020044,24021,1,1,1,1,,200,400,0,0,0,0,500,0,0,0,220,,,,,
1802019,752003,,-1,250,6,2010105,26668,1,1,1,1,,200,400,0,0,0,0,500,0,0,0,230,,,,,
1802020,753006,,-1,250,6,3580141,35558,1,1,1,1,,200,500,0,0,0,0,600,0,0,0,230,,,,,
1802021,751011,,-1,250,6,3532242,31690,1,1,1,1,,200,500,0,0,0,0,600,0,0,0,230,,,,,
1802022,755001,,-1,250,6,3764981,48338,1,1,1,1,,200,500,300,200,200,200,700,200,100,0,230,,,,,
1802023,751010,,-1,250,6,4564981,46690,1,1,1,1,,200,500,300,200,200,200,700,200,100,0,250,,,,,
1802024,755005,,-1,250,6,4050000,41690,1,1,1,1,,200,500,300,200,200,200,700,200,100,0,250,,,,,
1802025,753012,,-1,250,6,5050000,55169,1,1,1,1,,200,500,300,200,200,200,700,200,100,0,250,,,,,
1802026,756005,,-1,250,6,3704322,46967,1,1,1,1,,200,500,300,200,200,200,700,200,100,0,250,,,,,
1802027,756002,,-1,250,6,3140423,40558,1,1,1,1,,200,500,300,200,200,200,700,200,100,0,330,,,,,
1802028,756003,,-1,250,6,3908648,37690,1,1,1,1,,200,500,300,200,200,200,700,200,100,0,330,,,,,
1802029,756001,,-1,250,6,4408648,46690,1,1,1,1,,200,500,300,200,200,200,700,200,100,0,330,,,,,
1802030,752013,,-1,250,6,3264981,44338,1,1,1,1,,200,500,300,200,200,300,700,200,100,0,330,,,,,
1802031,752008,,-1,250,6,3264981,28338,1,1,1,1,,200,500,300,200,200,300,700,200,100,0,330,,,,,
1802032,752011,,-1,250,6,4464987,43586,1,1,1,1,,200,500,300,200,200,200,700,200,100,0,330,,,,,
1802033,754014,,-1,250,6,4564981,46338,1,1,1,1,,200,500,300,200,200,200,700,200,100,0,330,,,,,
1802034,751001,,-1,300,6,2793393,37028,1,1,1,1,,200,400,0,0,0,0,500,0,0,0,250,,,,,
1802035,753001,,-1,300,6,2780141,35558,1,1,1,1,,200,400,0,0,0,0,500,0,0,0,250,,,,,
1802036,755004,,-1,300,6,2904322,46967,1,1,1,1,,200,400,0,0,0,0,500,0,0,0,250,,,,,
1802037,754007,,-1,300,6,2640423,40558,1,1,1,1,,200,400,0,0,0,0,500,0,0,0,250,,,,,
1802038,756003,,-1,310,6,4141546,46967,1,1,1,1,,200,500,0,0,0,0,600,0,0,0,250,,,,,
1802039,755003,,-1,310,6,4341546,55558,1,1,1,1,,200,500,0,0,0,0,600,0,0,0,250,,,,,
1802040,753002,,-1,310,6,4241546,40558,1,1,1,1,,200,500,200,200,200,100,700,200,100,0,250,,,,,
1802041,753013,,-1,310,6,4141546,45558,1,1,1,1,,200,500,200,200,200,100,700,200,100,0,250,,,,,
1802042,751012,,-1,310,6,4541546,50558,1,1,1,1,,200,500,200,200,200,100,700,200,100,0,250,,,,,
1802043,751005,,-1,310,6,4141546,40558,1,1,1,1,,200,500,200,200,200,100,700,200,100,0,250,,,,,
1802044,754009,,-1,330,6,5264981,50338,1,1,1,1,,300,600,0,0,0,0,800,0,0,0,330,,,,,
1802045,753010,,-1,330,6,4864982,58338,1,1,1,1,,300,600,0,0,0,0,800,0,0,0,330,,,,,
1802046,752014,,-1,330,6,5264981,50338,1,1,1,1,,300,600,200,200,0,0,800,0,0,0,330,,,,,
1802047,756006,,-1,330,6,3864987,38690,1,1,1,1,,300,600,200,200,200,200,800,200,100,0,330,,,,,
1802048,755006,,-1,330,6,4064981,36690,1,1,1,1,,300,600,200,200,200,200,800,200,100,0,330,,,,,
1802049,755001,,-1,330,6,4264981,40690,1,1,1,1,,300,600,200,200,200,200,800,200,100,0,330,,,,,
1802050,756007,,-1,330,6,5864987,56690,1,1,1,1,,300,600,200,200,200,200,800,200,100,0,330,,,,,
1802051,755007,,-1,330,6,6264987,51690,1,1,1,1,,300,600,200,200,200,200,800,200,100,0,330,,,,,
1802052,752012,,-1,250,6,3764981,35338,1,1,1,1,,200,500,0,0,0,0,600,0,0,0,250,,,,,
140000000,751009,,-1,80,5,36750,1890,1,1,1,1,,200,100,0,0,0,0,0,0,0,,80,,,,,
140000001,751001,,-1,80,5,36750,1890,1,1,1,1,,200,100,0,0,0,0,0,0,0,,80,,,,,
140000002,751011,,-1,80,5,31500,2310,1,1,1,1,,200,100,0,0,0,0,0,0,0,,80,,,,,
140000003,751007,,-1,80,5,33250,2800,1,1,1,1,,200,100,0,0,0,0,0,0,0,,80,,,,,
140000004,752007,,-1,80,5,30800,1838,1,1,1,1,,200,100,0,0,0,0,0,0,0,,80,,,,,
140000005,752001,,-1,80,5,36750,1890,1,1,1,1,,200,100,0,0,0,0,0,0,0,,80,,,,,
140000006,752010,,-1,80,5,36750,1890,1,1,1,1,,200,100,0,0,0,0,0,0,0,,80,,,,,
140000007,752003,,-1,80,5,31500,2310,1,1,1,1,,200,100,0,0,0,0,0,0,0,,80,,,,,
140000008,752002,,-1,80,5,31150,2100,1,1,1,1,,200,100,0,0,0,0,0,0,0,,80,,,,,
140000009,752008,,-1,80,5,30800,1838,1,1,1,1,,200,100,0,0,0,0,0,0,0,,80,,,,,
140000010,753003,,-1,80,5,36750,1890,1,1,1,1,,200,100,0,0,0,0,0,0,0,,80,,,,,
140000011,753008,,-1,80,5,36750,1890,1,1,1,1,,200,100,0,0,0,0,0,0,0,,80,,,,,
140000012,753004,,-1,80,5,31150,2100,1,1,1,1,,200,100,0,0,0,0,0,0,0,,80,,,,,
140000013,753009,,-1,80,5,31500,2310,1,1,1,1,,200,100,0,0,0,0,0,0,0,,80,,,,,
140000014,753001,,-1,80,5,31500,2310,1,1,1,1,,200,100,0,0,0,0,0,0,0,,80,,,,,
140000015,754008,,-1,80,5,36750,1890,1,1,1,1,,200,100,0,0,0,0,0,0,0,,80,,,,,
140000016,754008,,-1,80,5,36750,1890,1,1,1,1,,200,100,0,0,0,0,0,0,0,,80,,,,,
140000017,754007,,-1,80,5,30800,1838,1,1,1,1,,200,100,0,0,0,0,0,0,0,,80,,,,,
140000018,754001,,-1,80,5,31150,2100,1,1,1,1,,200,100,0,0,0,0,0,0,0,,80,,,,,
140000019,754006,,-1,80,5,31150,2100,1,1,1,1,,200,100,0,0,0,0,0,0,0,,80,,,,,
140000020,755002,,-1,80,5,36750,1890,1,1,1,1,,200,100,0,0,0,0,0,0,0,,80,,,,,
140000021,756002,,-1,80,5,36750,1890,1,1,1,1,,200,100,0,0,0,0,0,0,0,,80,,,,,
140000022,755005,,-1,80,5,31500,2310,1,1,1,1,,200,100,0,0,0,0,0,0,0,,80,,,,,
140000023,756004,,-1,80,5,33250,2800,1,1,1,1,,200,100,0,0,0,0,0,0,0,,80,,,,,
140000024,655012,,-1,80,5,30800,1838,1,1,1,1,,200,100,0,0,0,0,0,0,0,,80,,,,,
140000025,751009,,-1,100,5,84000,4320,1,1,1,1,,200,100,0,0,0,0,0,0,0,,100,,,,,
140000026,751001,,-1,100,5,84000,4320,1,1,1,1,,200,100,0,0,0,0,0,0,0,,100,,,,,
140000027,751011,,-1,100,5,72000,5280,1,1,1,1,,200,100,0,0,0,0,0,0,0,,100,,,,,
140000028,751007,,-1,100,5,76000,6400,1,1,1,1,,200,100,0,0,0,0,0,0,0,,100,,,,,
140000029,752007,,-1,100,5,70400,4200,1,1,1,1,,200,100,0,0,0,0,0,0,0,,100,,,,,
140000030,752001,,-1,100,5,84000,4320,1,1,1,1,,200,100,0,0,0,0,0,0,0,,100,,,,,
140000031,752010,,-1,100,5,84000,4320,1,1,1,1,,200,100,0,0,0,0,0,0,0,,100,,,,,
140000032,752003,,-1,100,5,72000,5280,1,1,1,1,,200,100,0,0,0,0,0,0,0,,100,,,,,
140000033,752002,,-1,100,5,71200,4800,1,1,1,1,,200,100,0,0,0,0,0,0,0,,100,,,,,
140000034,752008,,-1,100,5,70400,4200,1,1,1,1,,200,100,0,0,0,0,0,0,0,,100,,,,,
140000035,753003,,-1,100,5,84000,4320,1,1,1,1,,200,100,0,0,0,0,0,0,0,,100,,,,,
140000036,753008,,-1,100,5,84000,4320,1,1,1,1,,200,100,0,0,0,0,0,0,0,,100,,,,,
140000037,753004,,-1,100,5,71200,4800,1,1,1,1,,200,100,0,0,0,0,0,0,0,,100,,,,,
140000038,753009,,-1,100,5,72000,5280,1,1,1,1,,200,100,0,0,0,0,0,0,0,,100,,,,,
140000039,753001,,-1,100,5,72000,5280,1,1,1,1,,200,100,0,0,0,0,0,0,0,,100,,,,,
140000040,754008,,-1,100,5,84000,4320,1,1,1,1,,200,100,0,0,0,0,0,0,0,,100,,,,,
140000041,754008,,-1,100,5,84000,4320,1,1,1,1,,200,100,0,0,0,0,0,0,0,,100,,,,,
140000042,754007,,-1,100,5,70400,4200,1,1,1,1,,200,100,0,0,0,0,0,0,0,,100,,,,,
140000043,754001,,-1,100,5,71200,4800,1,1,1,1,,200,100,0,0,0,0,0,0,0,,100,,,,,
140000044,754006,,-1,100,5,71200,4800,1,1,1,1,,200,100,0,0,0,0,0,0,0,,100,,,,,
140000045,755002,,-1,100,5,84000,4320,1,1,1,1,,200,100,0,0,0,0,0,0,0,,100,,,,,
140000046,756002,,-1,100,5,84000,4320,1,1,1,1,,200,100,0,0,0,0,0,0,0,,100,,,,,
140000047,755005,,-1,100,5,72000,5280,1,1,1,1,,200,100,0,0,0,0,0,0,0,,100,,,,,
140000048,756004,,-1,100,5,76000,6400,1,1,1,1,,200,100,0,0,0,0,0,0,0,,100,,,,,
140000049,655012,,-1,100,5,70400,4200,1,1,1,1,,200,100,0,0,0,0,0,0,0,,100,,,,,
140000050,751009,,-1,150,5,157500,8100,1,1,1,1,,200,100,0,0,0,0,0,0,0,,150,,,,,
140000051,751001,,-1,150,5,157500,8100,1,1,1,1,,200,100,0,0,0,0,0,0,0,,150,,,,,
140000052,751011,,-1,150,5,135000,9900,1,1,1,1,,200,100,0,0,0,0,0,0,0,,150,,,,,
140000053,751007,,-1,150,5,142500,12000,1,1,1,1,,200,100,0,0,0,0,0,0,0,,150,,,,,
140000054,752007,,-1,150,5,132000,7875,1,1,1,1,,200,100,0,0,0,0,0,0,0,,150,,,,,
140000055,752001,,-1,150,5,157500,8100,1,1,1,1,,200,100,0,0,0,0,0,0,0,,150,,,,,
140000056,752010,,-1,150,5,157500,8100,1,1,1,1,,200,100,0,0,0,0,0,0,0,,150,,,,,
140000057,752003,,-1,150,5,135000,9900,1,1,1,1,,200,100,0,0,0,0,0,0,0,,150,,,,,
140000058,752002,,-1,150,5,133500,9000,1,1,1,1,,200,100,0,0,0,0,0,0,0,,150,,,,,
140000059,752008,,-1,150,5,132000,7875,1,1,1,1,,200,100,0,0,0,0,0,0,0,,150,,,,,
140000060,753003,,-1,150,5,157500,8100,1,1,1,1,,200,100,0,0,0,0,0,0,0,,150,,,,,
140000061,753008,,-1,150,5,157500,8100,1,1,1,1,,200,100,0,0,0,0,0,0,0,,150,,,,,
140000062,753004,,-1,150,5,133500,9000,1,1,1,1,,200,100,0,0,0,0,0,0,0,,150,,,,,
140000063,753009,,-1,150,5,135000,9900,1,1,1,1,,200,100,0,0,0,0,0,0,0,,150,,,,,
140000064,753001,,-1,150,5,135000,9900,1,1,1,1,,200,100,0,0,0,0,0,0,0,,150,,,,,
140000065,754008,,-1,150,5,157500,8100,1,1,1,1,,200,100,0,0,0,0,0,0,0,,150,,,,,
140000066,754008,,-1,150,5,157500,8100,1,1,1,1,,200,100,0,0,0,0,0,0,0,,150,,,,,
140000067,754007,,-1,150,5,132000,7875,1,1,1,1,,200,100,0,0,0,0,0,0,0,,150,,,,,
140000068,754001,,-1,150,5,133500,9000,1,1,1,1,,200,100,0,0,0,0,0,0,0,,150,,,,,
140000069,754006,,-1,150,5,133500,9000,1,1,1,1,,200,100,0,0,0,0,0,0,0,,150,,,,,
140000070,755002,,-1,150,5,157500,8100,1,1,1,1,,200,100,0,0,0,0,0,0,0,,150,,,,,
140000071,756002,,-1,150,5,157500,8100,1,1,1,1,,200,100,0,0,0,0,0,0,0,,150,,,,,
140000072,755005,,-1,150,5,135000,9900,1,1,1,1,,200,100,0,0,0,0,0,0,0,,150,,,,,
140000073,756004,,-1,150,5,142500,12000,1,1,1,1,,200,100,0,0,0,0,0,0,0,,150,,,,,
140000074,655012,,-1,150,5,132000,7875,1,1,1,1,,200,100,0,0,0,0,0,0,0,,150,,,,,
140000075,751009,,-1,200,5,315000,16200,1,1,1,1,,200,100,0,0,0,0,0,0,0,,200,,,,,
140000076,751001,,-1,200,5,315000,16200,1,1,1,1,,200,100,0,0,0,0,0,0,0,,200,,,,,
140000077,751011,,-1,200,5,270000,19800,1,1,1,1,,200,100,0,0,0,0,0,0,0,,200,,,,,
140000078,751007,,-1,200,5,285000,24000,1,1,1,1,,200,100,0,0,0,0,0,0,0,,200,,,,,
140000079,752007,,-1,200,5,264000,15750,1,1,1,1,,200,100,0,0,0,0,0,0,0,,200,,,,,
140000080,752001,,-1,200,5,315000,16200,1,1,1,1,,200,100,0,0,0,0,0,0,0,,200,,,,,
140000081,752010,,-1,200,5,315000,16200,1,1,1,1,,200,100,0,0,0,0,0,0,0,,200,,,,,
140000082,752003,,-1,200,5,270000,19800,1,1,1,1,,200,100,0,0,0,0,0,0,0,,200,,,,,
140000083,752002,,-1,200,5,267000,18000,1,1,1,1,,200,100,0,0,0,0,0,0,0,,200,,,,,
140000084,752008,,-1,200,5,264000,15750,1,1,1,1,,200,100,0,0,0,0,0,0,0,,200,,,,,
140000085,753003,,-1,200,5,315000,16200,1,1,1,1,,200,100,0,0,0,0,0,0,0,,200,,,,,
140000086,753008,,-1,200,5,315000,16200,1,1,1,1,,200,100,0,0,0,0,0,0,0,,200,,,,,
140000087,753004,,-1,200,5,267000,18000,1,1,1,1,,200,100,0,0,0,0,0,0,0,,200,,,,,
140000088,753009,,-1,200,5,270000,19800,1,1,1,1,,200,100,0,0,0,0,0,0,0,,200,,,,,
140000089,753001,,-1,200,5,270000,19800,1,1,1,1,,200,100,0,0,0,0,0,0,0,,200,,,,,
140000090,754008,,-1,200,5,315000,16200,1,1,1,1,,200,100,0,0,0,0,0,0,0,,200,,,,,
140000091,754008,,-1,200,5,315000,16200,1,1,1,1,,200,100,0,0,0,0,0,0,0,,200,,,,,
140000092,754007,,-1,200,5,264000,15750,1,1,1,1,,200,100,0,0,0,0,0,0,0,,200,,,,,
140000093,754001,,-1,200,5,267000,18000,1,1,1,1,,200,100,0,0,0,0,0,0,0,,200,,,,,
140000094,754006,,-1,200,5,267000,18000,1,1,1,1,,200,100,0,0,0,0,0,0,0,,200,,,,,
140000095,755002,,-1,200,5,315000,16200,1,1,1,1,,200,100,0,0,0,0,0,0,0,,200,,,,,
140000096,756002,,-1,200,5,315000,16200,1,1,1,1,,200,100,0,0,0,0,0,0,0,,200,,,,,
140000097,755005,,-1,200,5,270000,19800,1,1,1,1,,200,100,0,0,0,0,0,0,0,,200,,,,,
140000098,756004,,-1,200,5,285000,24000,1,1,1,1,,200,100,0,0,0,0,0,0,0,,200,,,,,
140000099,655012,,-1,200,5,264000,15750,1,1,1,1,,200,100,0,0,0,0,0,0,0,,200,,,,,
140000100,751009,,-1,240,10,525000,27000,1,1,1,1,,200,100,0,0,0,0,0,0,0,,240,,,,,
140000101,751001,,-1,240,10,525000,27000,1,1,1,1,,200,100,0,0,0,0,0,0,0,,240,,,,,
140000102,751011,,-1,240,10,450000,33000,1,1,1,1,,200,100,0,0,0,0,0,0,0,,240,,,,,
140000103,751007,,-1,240,10,475000,40000,1,1,1,1,,200,100,0,0,0,0,0,0,0,,240,,,,,
140000104,752007,,-1,240,10,440000,26250,1,1,1,1,,200,100,0,0,0,0,0,0,0,,240,,,,,
140000105,752001,,-1,240,10,525000,27000,1,1,1,1,,200,100,0,0,0,0,0,0,0,,240,,,,,
140000106,752010,,-1,240,10,525000,27000,1,1,1,1,,200,100,0,0,0,0,0,0,0,,240,,,,,
140000107,752003,,-1,240,10,450000,33000,1,1,1,1,,200,100,0,0,0,0,0,0,0,,240,,,,,
140000108,752002,,-1,240,10,445000,30000,1,1,1,1,,200,100,0,0,0,0,0,0,0,,240,,,,,
140000109,752008,,-1,240,10,440000,26250,1,1,1,1,,200,100,0,0,0,0,0,0,0,,240,,,,,
140000110,753003,,-1,240,10,525000,27000,1,1,1,1,,200,100,0,0,0,0,0,0,0,,240,,,,,
140000111,753008,,-1,240,10,525000,27000,1,1,1,1,,200,100,0,0,0,0,0,0,0,,240,,,,,
140000112,753004,,-1,240,10,445000,30000,1,1,1,1,,200,100,0,0,0,0,0,0,0,,240,,,,,
140000113,753009,,-1,240,10,450000,33000,1,1,1,1,,200,100,0,0,0,0,0,0,0,,240,,,,,
140000114,753001,,-1,240,10,450000,33000,1,1,1,1,,200,100,0,0,0,0,0,0,0,,240,,,,,
140000115,754008,,-1,240,10,525000,27000,1,1,1,1,,200,100,0,0,0,0,0,0,0,,240,,,,,
140000116,754008,,-1,240,10,525000,27000,1,1,1,1,,200,100,0,0,0,0,0,0,0,,240,,,,,
140000117,754007,,-1,240,10,440000,26250,1,1,1,1,,200,100,0,0,0,0,0,0,0,,240,,,,,
140000118,754001,,-1,240,10,445000,30000,1,1,1,1,,200,100,0,0,0,0,0,0,0,,240,,,,,
140000119,754006,,-1,240,10,445000,30000,1,1,1,1,,200,100,0,0,0,0,0,0,0,,240,,,,,
140000120,755002,,-1,240,10,525000,27000,1,1,1,1,,200,100,0,0,0,0,0,0,0,,240,,,,,
140000121,756002,,-1,240,10,525000,27000,1,1,1,1,,200,100,0,0,0,0,0,0,0,,240,,,,,
140000122,755005,,-1,240,10,450000,33000,1,1,1,1,,200,100,0,0,0,0,0,0,0,,240,,,,,
140000123,756004,,-1,240,10,475000,40000,1,1,1,1,,200,100,0,0,0,0,0,0,0,,240,,,,,
140000124,655012,,-1,240,10,440000,26250,1,1,1,1,,200,100,0,0,0,0,0,0,0,,240,,,,,
140000125,751009,,-1,260,10,1050000,54000,1,1,1,1,,200,100,0,0,0,0,0,0,0,,260,,,,,
140000126,751001,,-1,260,10,1050000,54000,1,1,1,1,,200,100,0,0,0,0,0,0,0,,260,,,,,
140000127,751011,,-1,260,10,900000,66000,1,1,1,1,,200,100,0,0,0,0,0,0,0,,260,,,,,
140000128,751007,,-1,260,10,950000,80000,1,1,1,1,,200,100,0,0,0,0,0,0,0,,260,,,,,
140000129,752007,,-1,260,10,880000,52500,1,1,1,1,,200,100,0,0,0,0,0,0,0,,260,,,,,
140000130,752001,,-1,260,10,1050000,54000,1,1,1,1,,200,100,0,0,0,0,0,0,0,,260,,,,,
140000131,752010,,-1,260,10,1050000,54000,1,1,1,1,,200,100,0,0,0,0,0,0,0,,260,,,,,
140000132,752003,,-1,260,10,900000,66000,1,1,1,1,,200,100,0,0,0,0,0,0,0,,260,,,,,
140000133,752002,,-1,260,10,890000,60000,1,1,1,1,,200,100,0,0,0,0,0,0,0,,260,,,,,
140000134,752008,,-1,260,10,880000,52500,1,1,1,1,,200,100,0,0,0,0,0,0,0,,260,,,,,
140000135,753003,,-1,260,10,1050000,54000,1,1,1,1,,200,100,0,0,0,0,0,0,0,,260,,,,,
140000136,753008,,-1,260,10,1050000,54000,1,1,1,1,,200,100,0,0,0,0,0,0,0,,260,,,,,
140000137,753004,,-1,260,10,890000,60000,1,1,1,1,,200,100,0,0,0,0,0,0,0,,260,,,,,
140000138,753009,,-1,260,10,900000,66000,1,1,1,1,,200,100,0,0,0,0,0,0,0,,260,,,,,
140000139,753001,,-1,260,10,900000,66000,1,1,1,1,,200,100,0,0,0,0,0,0,0,,260,,,,,
140000140,754008,,-1,260,10,1050000,54000,1,1,1,1,,200,100,0,0,0,0,0,0,0,,260,,,,,
140000141,754008,,-1,260,10,1050000,54000,1,1,1,1,,200,100,0,0,0,0,0,0,0,,260,,,,,
140000142,754007,,-1,260,10,880000,52500,1,1,1,1,,200,100,0,0,0,0,0,0,0,,260,,,,,
140000143,754001,,-1,260,10,890000,60000,1,1,1,1,,200,100,0,0,0,0,0,0,0,,260,,,,,
140000144,754006,,-1,260,10,890000,60000,1,1,1,1,,200,100,0,0,0,0,0,0,0,,260,,,,,
140000145,755002,,-1,260,10,1050000,54000,1,1,1,1,,200,100,0,0,0,0,0,0,0,,260,,,,,
140000146,756002,,-1,260,10,1050000,54000,1,1,1,1,,200,100,0,0,0,0,0,0,0,,260,,,,,
140000147,755005,,-1,260,10,900000,66000,1,1,1,1,,200,100,0,0,0,0,0,0,0,,260,,,,,
140000148,756004,,-1,260,10,950000,80000,1,1,1,1,,200,100,0,0,0,0,0,0,0,,260,,,,,
140000149,655012,,-1,260,10,880000,52500,1,1,1,1,,200,100,0,0,0,0,0,0,0,,260,,,,,
140000150,751009,,-1,280,10,1575000,81000,1,1,1,1,,200,100,0,0,0,0,0,0,0,,280,,,,,
140000151,751001,,-1,280,10,1575000,81000,1,1,1,1,,200,100,0,0,0,0,0,0,0,,280,,,,,
140000152,751011,,-1,280,10,1350000,99000,1,1,1,1,,200,100,0,0,0,0,0,0,0,,280,,,,,
140000153,751007,,-1,280,10,1425000,120000,1,1,1,1,,200,100,0,0,0,0,0,0,0,,280,,,,,
140000154,752007,,-1,280,10,1320000,78750,1,1,1,1,,200,100,0,0,0,0,0,0,0,,280,,,,,
140000155,752001,,-1,280,10,1575000,81000,1,1,1,1,,200,100,0,0,0,0,0,0,0,,280,,,,,
140000156,752010,,-1,280,10,1575000,81000,1,1,1,1,,200,100,0,0,0,0,0,0,0,,280,,,,,
140000157,752003,,-1,280,10,1350000,99000,1,1,1,1,,200,100,0,0,0,0,0,0,0,,280,,,,,
140000158,752002,,-1,280,10,1335000,90000,1,1,1,1,,200,100,0,0,0,0,0,0,0,,280,,,,,
140000159,752008,,-1,280,10,1320000,78750,1,1,1,1,,200,100,0,0,0,0,0,0,0,,280,,,,,
140000160,753003,,-1,280,10,1575000,81000,1,1,1,1,,200,100,0,0,0,0,0,0,0,,280,,,,,
140000161,753008,,-1,280,10,1575000,81000,1,1,1,1,,200,100,0,0,0,0,0,0,0,,280,,,,,
140000162,753004,,-1,280,10,1335000,90000,1,1,1,1,,200,100,0,0,0,0,0,0,0,,280,,,,,
140000163,753009,,-1,280,10,1350000,99000,1,1,1,1,,200,100,0,0,0,0,0,0,0,,280,,,,,
140000164,753001,,-1,280,10,1350000,99000,1,1,1,1,,200,100,0,0,0,0,0,0,0,,280,,,,,
140000165,754008,,-1,280,10,1575000,81000,1,1,1,1,,200,100,0,0,0,0,0,0,0,,280,,,,,
140000166,754008,,-1,280,10,1575000,81000,1,1,1,1,,200,100,0,0,0,0,0,0,0,,280,,,,,
140000167,754007,,-1,280,10,1320000,78750,1,1,1,1,,200,100,0,0,0,0,0,0,0,,280,,,,,
140000168,754001,,-1,280,10,1335000,90000,1,1,1,1,,200,100,0,0,0,0,0,0,0,,280,,,,,
140000169,754006,,-1,280,10,1335000,90000,1,1,1,1,,200,100,0,0,0,0,0,0,0,,280,,,,,
140000170,755002,,-1,280,10,1575000,81000,1,1,1,1,,200,100,0,0,0,0,0,0,0,,280,,,,,
140000171,756002,,-1,280,10,1575000,81000,1,1,1,1,,200,100,0,0,0,0,0,0,0,,280,,,,,
140000172,755005,,-1,280,10,1350000,99000,1,1,1,1,,200,100,0,0,0,0,0,0,0,,280,,,,,
140000173,756004,,-1,280,10,1425000,120000,1,1,1,1,,200,100,0,0,0,0,0,0,0,,280,,,,,
140000174,655012,,-1,280,10,1320000,78750,1,1,1,1,,200,100,0,0,0,0,0,0,0,,280,,,,,
140000175,751009,,-1,300,10,2100000,108000,1,1,1,1,,200,100,0,0,0,0,0,0,0,,300,,,,,
140000176,751001,,-1,300,10,2100000,108000,1,1,1,1,,200,100,0,0,0,0,0,0,0,,300,,,,,
140000177,751011,,-1,300,10,1800000,132000,1,1,1,1,,200,100,0,0,0,0,0,0,0,,300,,,,,
140000178,751007,,-1,300,10,1900000,160000,1,1,1,1,,200,100,0,0,0,0,0,0,0,,300,,,,,
140000179,752007,,-1,300,10,1760000,105000,1,1,1,1,,200,100,0,0,0,0,0,0,0,,300,,,,,
140000180,752001,,-1,300,10,2100000,108000,1,1,1,1,,200,100,0,0,0,0,0,0,0,,300,,,,,
140000181,752010,,-1,300,10,2100000,108000,1,1,1,1,,200,100,0,0,0,0,0,0,0,,300,,,,,
140000182,752003,,-1,300,10,1800000,132000,1,1,1,1,,200,100,0,0,0,0,0,0,0,,300,,,,,
140000183,752002,,-1,300,10,1780000,120000,1,1,1,1,,200,100,0,0,0,0,0,0,0,,300,,,,,
140000184,752008,,-1,300,10,1760000,105000,1,1,1,1,,200,100,0,0,0,0,0,0,0,,300,,,,,
140000185,753003,,-1,300,10,2100000,108000,1,1,1,1,,200,100,0,0,0,0,0,0,0,,300,,,,,
140000186,753008,,-1,300,10,2100000,108000,1,1,1,1,,200,100,0,0,0,0,0,0,0,,300,,,,,
140000187,753004,,-1,300,10,1780000,120000,1,1,1,1,,200,100,0,0,0,0,0,0,0,,300,,,,,
140000188,753009,,-1,300,10,1800000,132000,1,1,1,1,,200,100,0,0,0,0,0,0,0,,300,,,,,
140000189,753001,,-1,300,10,1800000,132000,1,1,1,1,,200,100,0,0,0,0,0,0,0,,300,,,,,
140000190,754008,,-1,300,10,2100000,108000,1,1,1,1,,200,100,0,0,0,0,0,0,0,,300,,,,,
140000191,754008,,-1,300,10,2100000,108000,1,1,1,1,,200,100,0,0,0,0,0,0,0,,300,,,,,
140000192,754007,,-1,300,10,1760000,105000,1,1,1,1,,200,100,0,0,0,0,0,0,0,,300,,,,,
140000193,754001,,-1,300,10,1780000,120000,1,1,1,1,,200,100,0,0,0,0,0,0,0,,300,,,,,
140000194,754006,,-1,300,10,1780000,120000,1,1,1,1,,200,100,0,0,0,0,0,0,0,,300,,,,,
140000195,755002,,-1,300,10,2100000,108000,1,1,1,1,,200,100,0,0,0,0,0,0,0,,300,,,,,
140000196,756002,,-1,300,10,2100000,108000,1,1,1,1,,200,100,0,0,0,0,0,0,0,,300,,,,,
140000197,755005,,-1,300,10,1800000,132000,1,1,1,1,,200,100,0,0,0,0,0,0,0,,300,,,,,
140000198,756004,,-1,300,10,1900000,160000,1,1,1,1,,200,100,0,0,0,0,0,0,0,,300,,,,,
140000199,655012,,-1,300,10,1760000,105000,1,1,1,1,,200,100,0,0,0,0,0,0,0,,300,,,,,
140000200,751009,,-1,320,10,2625000,135000,1,1,1,1,,200,100,0,0,0,0,0,0,0,,320,,,,,
140000201,751001,,-1,320,10,2625000,135000,1,1,1,1,,200,100,0,0,0,0,0,0,0,,320,,,,,
140000202,751011,,-1,320,10,2250000,165000,1,1,1,1,,200,100,0,0,0,0,0,0,0,,320,,,,,
140000203,751007,,-1,320,10,2375000,200000,1,1,1,1,,200,100,0,0,0,0,0,0,0,,320,,,,,
140000204,752007,,-1,320,10,2200000,131250,1,1,1,1,,200,100,0,0,0,0,0,0,0,,320,,,,,
140000205,752001,,-1,320,10,2625000,135000,1,1,1,1,,200,100,0,0,0,0,0,0,0,,320,,,,,
140000206,752010,,-1,320,10,2625000,135000,1,1,1,1,,200,100,0,0,0,0,0,0,0,,320,,,,,
140000207,752003,,-1,320,10,2250000,165000,1,1,1,1,,200,100,0,0,0,0,0,0,0,,320,,,,,
140000208,752002,,-1,320,10,2225000,150000,1,1,1,1,,200,100,0,0,0,0,0,0,0,,320,,,,,
140000209,752008,,-1,320,10,2200000,131250,1,1,1,1,,200,100,0,0,0,0,0,0,0,,320,,,,,
140000210,753003,,-1,320,10,2625000,135000,1,1,1,1,,200,100,0,0,0,0,0,0,0,,320,,,,,
140000211,753008,,-1,320,10,2625000,135000,1,1,1,1,,200,100,0,0,0,0,0,0,0,,320,,,,,
140000212,753004,,-1,320,10,2225000,150000,1,1,1,1,,200,100,0,0,0,0,0,0,0,,320,,,,,
140000213,753009,,-1,320,10,2250000,165000,1,1,1,1,,200,100,0,0,0,0,0,0,0,,320,,,,,
140000214,753001,,-1,320,10,2250000,165000,1,1,1,1,,200,100,0,0,0,0,0,0,0,,320,,,,,
140000215,754008,,-1,320,10,2625000,135000,1,1,1,1,,200,100,0,0,0,0,0,0,0,,320,,,,,
140000216,754008,,-1,320,10,2625000,135000,1,1,1,1,,200,100,0,0,0,0,0,0,0,,320,,,,,
140000217,754007,,-1,320,10,2200000,131250,1,1,1,1,,200,100,0,0,0,0,0,0,0,,320,,,,,
140000218,754001,,-1,320,10,2225000,150000,1,1,1,1,,200,100,0,0,0,0,0,0,0,,320,,,,,
140000219,754006,,-1,320,10,2225000,150000,1,1,1,1,,200,100,0,0,0,0,0,0,0,,320,,,,,
140000220,755002,,-1,320,10,2625000,135000,1,1,1,1,,200,100,0,0,0,0,0,0,0,,320,,,,,
140000221,756002,,-1,320,10,2625000,135000,1,1,1,1,,200,100,0,0,0,0,0,0,0,,320,,,,,
140000222,755005,,-1,320,10,2250000,165000,1,1,1,1,,200,100,0,0,0,0,0,0,0,,320,,,,,
140000223,756004,,-1,320,10,2375000,200000,1,1,1,1,,200,100,0,0,0,0,0,0,0,,320,,,,,
140000224,655012,,-1,320,10,2200000,131250,1,1,1,1,,200,100,0,0,0,0,0,0,0,,320,,,,,
140000225,751009,,-1,330,10,3150000,162000,1,1,1,1,,200,100,0,0,0,0,0,0,0,,330,,,,,
140000226,751001,,-1,330,10,3150000,162000,1,1,1,1,,200,100,0,0,0,0,0,0,0,,330,,,,,
140000227,751011,,-1,330,10,2700000,198000,1,1,1,1,,200,100,0,0,0,0,0,0,0,,330,,,,,
140000228,751007,,-1,330,10,2850000,240000,1,1,1,1,,200,100,0,0,0,0,0,0,0,,330,,,,,
140000229,752007,,-1,330,10,2640000,157500,1,1,1,1,,200,100,0,0,0,0,0,0,0,,330,,,,,
140000230,752001,,-1,330,10,3150000,162000,1,1,1,1,,200,100,0,0,0,0,0,0,0,,330,,,,,
140000231,752010,,-1,330,10,3150000,162000,1,1,1,1,,200,100,0,0,0,0,0,0,0,,330,,,,,
140000232,752003,,-1,330,10,2700000,198000,1,1,1,1,,200,100,0,0,0,0,0,0,0,,330,,,,,
140000233,752002,,-1,330,10,2670000,180000,1,1,1,1,,200,100,0,0,0,0,0,0,0,,330,,,,,
140000234,752008,,-1,330,10,2640000,157500,1,1,1,1,,200,100,0,0,0,0,0,0,0,,330,,,,,
140000235,753003,,-1,330,10,3150000,162000,1,1,1,1,,200,100,0,0,0,0,0,0,0,,330,,,,,
140000236,753008,,-1,330,10,3150000,162000,1,1,1,1,,200,100,0,0,0,0,0,0,0,,330,,,,,
140000237,753004,,-1,330,10,2670000,180000,1,1,1,1,,200,100,0,0,0,0,0,0,0,,330,,,,,
140000238,753009,,-1,330,10,2700000,198000,1,1,1,1,,200,100,0,0,0,0,0,0,0,,330,,,,,
140000239,753001,,-1,330,10,2700000,198000,1,1,1,1,,200,100,0,0,0,0,0,0,0,,330,,,,,
140000240,754008,,-1,330,10,3150000,162000,1,1,1,1,,200,100,0,0,0,0,0,0,0,,330,,,,,
140000241,754008,,-1,330,10,3150000,162000,1,1,1,1,,200,100,0,0,0,0,0,0,0,,330,,,,,
140000242,754007,,-1,330,10,2640000,157500,1,1,1,1,,200,100,0,0,0,0,0,0,0,,330,,,,,
140000243,754001,,-1,330,10,2670000,180000,1,1,1,1,,200,100,0,0,0,0,0,0,0,,330,,,,,
140000244,754006,,-1,330,10,2670000,180000,1,1,1,1,,200,100,0,0,0,0,0,0,0,,330,,,,,
140000245,755002,,-1,330,10,3150000,162000,1,1,1,1,,200,100,0,0,0,0,0,0,0,,330,,,,,
140000246,756002,,-1,330,10,3150000,162000,1,1,1,1,,200,100,0,0,0,0,0,0,0,,330,,,,,
140000247,755005,,-1,330,10,2700000,198000,1,1,1,1,,200,100,0,0,0,0,0,0,0,,330,,,,,
140000248,756004,,-1,330,10,2850000,240000,1,1,1,1,,200,100,0,0,0,0,0,0,0,,330,,,,,
140000249,655012,,-1,330,10,2640000,157500,1,1,1,1,,200,100,0,0,0,0,0,0,0,,330,,,,,
140001000,751003,,-1,80,5,36750,2268,1,1,1,1,,200,100,0,0,0,0,0,0,0,,80,,,,,
140001001,751012,,-1,80,5,36750,2268,1,1,1,1,,200,100,0,0,0,0,0,0,0,,80,,,,,
140001002,751006,,-1,80,5,31150,2520,1,1,1,1,,200,100,0,0,0,0,0,0,0,,80,,,,,
140001003,751013,,-1,80,5,30800,2205,1,1,1,1,,200,100,0,0,0,0,0,0,0,,80,,,,,
140001004,751010,,-1,80,5,31150,2520,1,1,1,1,,200,100,0,0,0,0,0,0,0,,80,,,,,
140001005,751011,,-1,80,5,31500,2772,1,1,1,1,,200,100,0,0,0,0,0,0,0,,80,,,,,
140001006,752001,,-1,80,5,36750,2268,1,1,1,1,,200,100,0,0,0,0,0,0,0,,80,,,,,
140001007,752010,,-1,80,5,36750,2268,1,1,1,1,,200,100,0,0,0,0,0,0,0,,80,,,,,
140001008,752013,,-1,80,5,31500,2772,1,1,1,1,,200,100,0,0,0,0,0,0,0,,80,,,,,
140001009,752014,,-1,80,5,31150,2520,1,1,1,1,,200,100,0,0,0,0,0,0,0,,80,,,,,
140001010,752014,,-1,80,5,31150,2520,1,1,1,1,,200,100,0,0,0,0,0,0,0,,80,,,,,
140001011,752005,,-1,80,5,31150,2520,1,1,1,1,,200,100,0,0,0,0,0,0,0,,80,,,,,
140001012,753014,,-1,80,5,31150,2520,1,1,1,1,,200,100,0,0,0,0,0,0,0,,80,,,,,
140001013,753008,,-1,80,5,36750,2268,1,1,1,1,,200,100,0,0,0,0,0,0,0,,80,,,,,
140001014,753002,,-1,80,5,31150,2520,1,1,1,1,,200,100,0,0,0,0,0,0,0,,80,,,,,
140001015,753010,,-1,80,5,30800,2205,1,1,1,1,,200,100,0,0,0,0,0,0,0,,80,,,,,
140001016,753006,,-1,80,5,33250,3360,1,1,1,1,,200,100,0,0,0,0,0,0,0,,80,,,,,
140001017,753009,,-1,80,5,31500,2772,1,1,1,1,,200,100,0,0,0,0,0,0,0,,80,,,,,
140001018,754013,,-1,80,5,36750,2268,1,1,1,1,,200,100,0,0,0,0,0,0,0,,80,,,,,
140001019,754008,,-1,80,5,36750,2268,1,1,1,1,,200,100,0,0,0,0,0,0,0,,80,,,,,
140001020,754006,,-1,80,5,31150,2520,1,1,1,1,,200,100,0,0,0,0,0,0,0,,80,,,,,
140001021,654015,,-1,80,5,33250,3360,1,1,1,1,,200,100,0,0,0,0,0,0,0,,80,,,,,
140001022,754014,,-1,80,5,30800,2205,1,1,1,1,,200,100,0,0,0,0,0,0,0,,80,,,,,
140001023,754012,,-1,80,5,31500,2772,1,1,1,1,,200,100,0,0,0,0,0,0,0,,80,,,,,
140001024,755006,,-1,80,5,36750,2268,1,1,1,1,,200,100,0,0,0,0,0,0,0,,80,,,,,
140001025,756002,,-1,80,5,36750,2268,1,1,1,1,,200,100,0,0,0,0,0,0,0,,80,,,,,
140001026,755004,,-1,80,5,33250,3360,1,1,1,1,,200,100,0,0,0,0,0,0,0,,80,,,,,
140001027,756004,,-1,80,5,33250,3360,1,1,1,1,,200,100,0,0,0,0,0,0,0,,80,,,,,
140001028,755007,,-1,80,5,30800,2205,1,1,1,1,,200,100,0,0,0,0,0,0,0,,80,,,,,
140001029,756006,,-1,80,5,31500,2772,1,1,1,1,,200,100,0,0,0,0,0,0,0,,80,,,,,
140001030,751003,,-1,100,5,84000,5184,1,1,1,1,,200,100,0,0,0,0,0,0,0,,100,,,,,
140001031,751012,,-1,100,5,84000,5184,1,1,1,1,,200,100,0,0,0,0,0,0,0,,100,,,,,
140001032,751006,,-1,100,5,71200,5760,1,1,1,1,,200,100,0,0,0,0,0,0,0,,100,,,,,
140001033,751013,,-1,100,5,70400,5040,1,1,1,1,,200,100,0,0,0,0,0,0,0,,100,,,,,
140001034,751010,,-1,100,5,71200,5760,1,1,1,1,,200,100,0,0,0,0,0,0,0,,100,,,,,
140001035,751011,,-1,100,5,72000,6336,1,1,1,1,,200,100,0,0,0,0,0,0,0,,100,,,,,
140001036,752001,,-1,100,5,84000,5184,1,1,1,1,,200,100,0,0,0,0,0,0,0,,100,,,,,
140001037,752010,,-1,100,5,84000,5184,1,1,1,1,,200,100,0,0,0,0,0,0,0,,100,,,,,
140001038,752013,,-1,100,5,72000,6336,1,1,1,1,,200,100,0,0,0,0,0,0,0,,100,,,,,
140001039,752014,,-1,100,5,71200,5760,1,1,1,1,,200,100,0,0,0,0,0,0,0,,100,,,,,
140001040,752014,,-1,100,5,71200,5760,1,1,1,1,,200,100,0,0,0,0,0,0,0,,100,,,,,
140001041,752005,,-1,100,5,71200,5760,1,1,1,1,,200,100,0,0,0,0,0,0,0,,100,,,,,
140001042,753014,,-1,100,5,71200,5760,1,1,1,1,,200,100,0,0,0,0,0,0,0,,100,,,,,
140001043,753008,,-1,100,5,84000,5184,1,1,1,1,,200,100,0,0,0,0,0,0,0,,100,,,,,
140001044,753002,,-1,100,5,71200,5760,1,1,1,1,,200,100,0,0,0,0,0,0,0,,100,,,,,
140001045,753010,,-1,100,5,70400,5040,1,1,1,1,,200,100,0,0,0,0,0,0,0,,100,,,,,
140001046,753006,,-1,100,5,76000,7680,1,1,1,1,,200,100,0,0,0,0,0,0,0,,100,,,,,
140001047,753009,,-1,100,5,72000,6336,1,1,1,1,,200,100,0,0,0,0,0,0,0,,100,,,,,
140001048,754013,,-1,100,5,84000,5184,1,1,1,1,,200,100,0,0,0,0,0,0,0,,100,,,,,
140001049,754008,,-1,100,5,84000,5184,1,1,1,1,,200,100,0,0,0,0,0,0,0,,100,,,,,
140001050,754006,,-1,100,5,71200,5760,1,1,1,1,,200,100,0,0,0,0,0,0,0,,100,,,,,
140001051,654015,,-1,100,5,76000,7680,1,1,1,1,,200,100,0,0,0,0,0,0,0,,100,,,,,
140001052,754014,,-1,100,5,70400,5040,1,1,1,1,,200,100,0,0,0,0,0,0,0,,100,,,,,
140001053,754012,,-1,100,5,72000,6336,1,1,1,1,,200,100,0,0,0,0,0,0,0,,100,,,,,
140001054,755006,,-1,100,5,84000,5184,1,1,1,1,,200,100,0,0,0,0,0,0,0,,100,,,,,
140001055,756002,,-1,100,5,84000,5184,1,1,1,1,,200,100,0,0,0,0,0,0,0,,100,,,,,
140001056,755004,,-1,100,5,76000,7680,1,1,1,1,,200,100,0,0,0,0,0,0,0,,100,,,,,
140001057,756004,,-1,100,5,76000,7680,1,1,1,1,,200,100,0,0,0,0,0,0,0,,100,,,,,
140001058,755007,,-1,100,5,70400,5040,1,1,1,1,,200,100,0,0,0,0,0,0,0,,100,,,,,
140001059,756006,,-1,100,5,72000,6336,1,1,1,1,,200,100,0,0,0,0,0,0,0,,100,,,,,
140001060,751003,,-1,150,5,157500,9720,1,1,1,1,,200,100,0,0,0,0,0,0,0,,150,,,,,
140001061,751012,,-1,150,5,157500,9720,1,1,1,1,,200,100,0,0,0,0,0,0,0,,150,,,,,
140001062,751006,,-1,150,5,133500,10800,1,1,1,1,,200,100,0,0,0,0,0,0,0,,150,,,,,
140001063,751013,,-1,150,5,132000,9450,1,1,1,1,,200,100,0,0,0,0,0,0,0,,150,,,,,
140001064,751010,,-1,150,5,133500,10800,1,1,1,1,,200,100,0,0,0,0,0,0,0,,150,,,,,
140001065,751011,,-1,150,5,135000,11880,1,1,1,1,,200,100,0,0,0,0,0,0,0,,150,,,,,
140001066,752001,,-1,150,5,157500,9720,1,1,1,1,,200,100,0,0,0,0,0,0,0,,150,,,,,
140001067,752010,,-1,150,5,157500,9720,1,1,1,1,,200,100,0,0,0,0,0,0,0,,150,,,,,
140001068,752013,,-1,150,5,135000,11880,1,1,1,1,,200,100,0,0,0,0,0,0,0,,150,,,,,
140001069,752014,,-1,150,5,133500,10800,1,1,1,1,,200,100,0,0,0,0,0,0,0,,150,,,,,
140001070,752014,,-1,150,5,133500,10800,1,1,1,1,,200,100,0,0,0,0,0,0,0,,150,,,,,
140001071,752005,,-1,150,5,133500,10800,1,1,1,1,,200,100,0,0,0,0,0,0,0,,150,,,,,
140001072,753014,,-1,150,5,133500,10800,1,1,1,1,,200,100,0,0,0,0,0,0,0,,150,,,,,
140001073,753008,,-1,150,5,157500,9720,1,1,1,1,,200,100,0,0,0,0,0,0,0,,150,,,,,
140001074,753002,,-1,150,5,133500,10800,1,1,1,1,,200,100,0,0,0,0,0,0,0,,150,,,,,
140001075,753010,,-1,150,5,132000,9450,1,1,1,1,,200,100,0,0,0,0,0,0,0,,150,,,,,
140001076,753006,,-1,150,5,142500,14400,1,1,1,1,,200,100,0,0,0,0,0,0,0,,150,,,,,
140001077,753009,,-1,150,5,135000,11880,1,1,1,1,,200,100,0,0,0,0,0,0,0,,150,,,,,
140001078,754013,,-1,150,5,157500,9720,1,1,1,1,,200,100,0,0,0,0,0,0,0,,150,,,,,
140001079,754008,,-1,150,5,157500,9720,1,1,1,1,,200,100,0,0,0,0,0,0,0,,150,,,,,
140001080,754006,,-1,150,5,133500,10800,1,1,1,1,,200,100,0,0,0,0,0,0,0,,150,,,,,
140001081,654015,,-1,150,5,142500,14400,1,1,1,1,,200,100,0,0,0,0,0,0,0,,150,,,,,
140001082,754014,,-1,150,5,132000,9450,1,1,1,1,,200,100,0,0,0,0,0,0,0,,150,,,,,
140001083,754012,,-1,150,5,135000,11880,1,1,1,1,,200,100,0,0,0,0,0,0,0,,150,,,,,
140001084,755006,,-1,150,5,157500,9720,1,1,1,1,,200,100,0,0,0,0,0,0,0,,150,,,,,
140001085,756002,,-1,150,5,157500,9720,1,1,1,1,,200,100,0,0,0,0,0,0,0,,150,,,,,
140001086,755004,,-1,150,5,142500,14400,1,1,1,1,,200,100,0,0,0,0,0,0,0,,150,,,,,
140001087,756004,,-1,150,5,142500,14400,1,1,1,1,,200,100,0,0,0,0,0,0,0,,150,,,,,
140001088,755007,,-1,150,5,132000,9450,1,1,1,1,,200,100,0,0,0,0,0,0,0,,150,,,,,
140001089,756006,,-1,150,5,135000,11880,1,1,1,1,,200,100,0,0,0,0,0,0,0,,150,,,,,
140001090,751003,,-1,200,5,315000,19440,1,1,1,1,,200,100,0,0,0,0,0,0,0,,200,,,,,
140001091,751012,,-1,200,5,315000,19440,1,1,1,1,,200,100,0,0,0,0,0,0,0,,200,,,,,
140001092,751006,,-1,200,5,267000,21600,1,1,1,1,,200,100,0,0,0,0,0,0,0,,200,,,,,
140001093,751013,,-1,200,5,264000,18900,1,1,1,1,,200,100,0,0,0,0,0,0,0,,200,,,,,
140001094,751010,,-1,200,5,267000,21600,1,1,1,1,,200,100,0,0,0,0,0,0,0,,200,,,,,
140001095,751011,,-1,200,5,270000,23760,1,1,1,1,,200,100,0,0,0,0,0,0,0,,200,,,,,
140001096,752001,,-1,200,5,315000,19440,1,1,1,1,,200,100,0,0,0,0,0,0,0,,200,,,,,
140001097,752010,,-1,200,5,315000,19440,1,1,1,1,,200,100,0,0,0,0,0,0,0,,200,,,,,
140001098,752013,,-1,200,5,270000,23760,1,1,1,1,,200,100,0,0,0,0,0,0,0,,200,,,,,
140001099,752014,,-1,200,5,267000,21600,1,1,1,1,,200,100,0,0,0,0,0,0,0,,200,,,,,
140001100,752014,,-1,200,5,267000,21600,1,1,1,1,,200,100,0,0,0,0,0,0,0,,200,,,,,
140001101,752005,,-1,200,5,267000,21600,1,1,1,1,,200,100,0,0,0,0,0,0,0,,200,,,,,
140001102,753014,,-1,200,5,267000,21600,1,1,1,1,,200,100,0,0,0,0,0,0,0,,200,,,,,
140001103,753008,,-1,200,5,315000,19440,1,1,1,1,,200,100,0,0,0,0,0,0,0,,200,,,,,
140001104,753002,,-1,200,5,267000,21600,1,1,1,1,,200,100,0,0,0,0,0,0,0,,200,,,,,
140001105,753010,,-1,200,5,264000,18900,1,1,1,1,,200,100,0,0,0,0,0,0,0,,200,,,,,
140001106,753006,,-1,200,5,285000,28800,1,1,1,1,,200,100,0,0,0,0,0,0,0,,200,,,,,
140001107,753009,,-1,200,5,270000,23760,1,1,1,1,,200,100,0,0,0,0,0,0,0,,200,,,,,
140001108,754013,,-1,200,5,315000,19440,1,1,1,1,,200,100,0,0,0,0,0,0,0,,200,,,,,
140001109,754008,,-1,200,5,315000,19440,1,1,1,1,,200,100,0,0,0,0,0,0,0,,200,,,,,
140001110,754006,,-1,200,5,267000,21600,1,1,1,1,,200,100,0,0,0,0,0,0,0,,200,,,,,
140001111,654015,,-1,200,5,285000,28800,1,1,1,1,,200,100,0,0,0,0,0,0,0,,200,,,,,
140001112,754014,,-1,200,5,264000,18900,1,1,1,1,,200,100,0,0,0,0,0,0,0,,200,,,,,
140001113,754012,,-1,200,5,270000,23760,1,1,1,1,,200,100,0,0,0,0,0,0,0,,200,,,,,
140001114,755006,,-1,200,5,315000,19440,1,1,1,1,,200,100,0,0,0,0,0,0,0,,200,,,,,
140001115,756002,,-1,200,5,315000,19440,1,1,1,1,,200,100,0,0,0,0,0,0,0,,200,,,,,
140001116,755004,,-1,200,5,285000,28800,1,1,1,1,,200,100,0,0,0,0,0,0,0,,200,,,,,
140001117,756004,,-1,200,5,285000,28800,1,1,1,1,,200,100,0,0,0,0,0,0,0,,200,,,,,
140001118,755007,,-1,200,5,264000,18900,1,1,1,1,,200,100,0,0,0,0,0,0,0,,200,,,,,
140001119,756006,,-1,200,5,270000,23760,1,1,1,1,,200,100,0,0,0,0,0,0,0,,200,,,,,
140001120,751003,,-1,240,10,525000,32400,1,1,1,1,,200,100,0,0,0,0,0,0,0,,240,,,,,
140001121,751012,,-1,240,10,525000,32400,1,1,1,1,,200,100,0,0,0,0,0,0,0,,240,,,,,
140001122,751006,,-1,240,10,445000,36000,1,1,1,1,,200,100,0,0,0,0,0,0,0,,240,,,,,
140001123,751013,,-1,240,10,440000,31500,1,1,1,1,,200,100,0,0,0,0,0,0,0,,240,,,,,
140001124,751010,,-1,240,10,445000,36000,1,1,1,1,,200,100,0,0,0,0,0,0,0,,240,,,,,
140001125,751011,,-1,240,10,450000,39600,1,1,1,1,,200,100,0,0,0,0,0,0,0,,240,,,,,
140001126,752001,,-1,240,10,525000,32400,1,1,1,1,,200,100,0,0,0,0,0,0,0,,240,,,,,
140001127,752010,,-1,240,10,525000,32400,1,1,1,1,,200,100,0,0,0,0,0,0,0,,240,,,,,
140001128,752013,,-1,240,10,450000,39600,1,1,1,1,,200,100,0,0,0,0,0,0,0,,240,,,,,
140001129,752014,,-1,240,10,445000,36000,1,1,1,1,,200,100,0,0,0,0,0,0,0,,240,,,,,
140001130,752014,,-1,240,10,445000,36000,1,1,1,1,,200,100,0,0,0,0,0,0,0,,240,,,,,
140001131,752005,,-1,240,10,445000,36000,1,1,1,1,,200,100,0,0,0,0,0,0,0,,240,,,,,
140001132,753014,,-1,240,10,445000,36000,1,1,1,1,,200,100,0,0,0,0,0,0,0,,240,,,,,
140001133,753008,,-1,240,10,525000,32400,1,1,1,1,,200,100,0,0,0,0,0,0,0,,240,,,,,
140001134,753002,,-1,240,10,445000,36000,1,1,1,1,,200,100,0,0,0,0,0,0,0,,240,,,,,
140001135,753010,,-1,240,10,440000,31500,1,1,1,1,,200,100,0,0,0,0,0,0,0,,240,,,,,
140001136,753006,,-1,240,10,475000,48000,1,1,1,1,,200,100,0,0,0,0,0,0,0,,240,,,,,
140001137,753009,,-1,240,10,450000,39600,1,1,1,1,,200,100,0,0,0,0,0,0,0,,240,,,,,
140001138,754013,,-1,240,10,525000,32400,1,1,1,1,,200,100,0,0,0,0,0,0,0,,240,,,,,
140001139,754008,,-1,240,10,525000,32400,1,1,1,1,,200,100,0,0,0,0,0,0,0,,240,,,,,
140001140,754006,,-1,240,10,445000,36000,1,1,1,1,,200,100,0,0,0,0,0,0,0,,240,,,,,
140001141,654015,,-1,240,10,475000,48000,1,1,1,1,,200,100,0,0,0,0,0,0,0,,240,,,,,
140001142,754014,,-1,240,10,440000,31500,1,1,1,1,,200,100,0,0,0,0,0,0,0,,240,,,,,
140001143,754012,,-1,240,10,450000,39600,1,1,1,1,,200,100,0,0,0,0,0,0,0,,240,,,,,
140001144,755006,,-1,240,10,525000,32400,1,1,1,1,,200,100,0,0,0,0,0,0,0,,240,,,,,
140001145,756002,,-1,240,10,525000,32400,1,1,1,1,,200,100,0,0,0,0,0,0,0,,240,,,,,
140001146,755004,,-1,240,10,475000,48000,1,1,1,1,,200,100,0,0,0,0,0,0,0,,240,,,,,
140001147,756004,,-1,240,10,475000,48000,1,1,1,1,,200,100,0,0,0,0,0,0,0,,240,,,,,
140001148,755007,,-1,240,10,440000,31500,1,1,1,1,,200,100,0,0,0,0,0,0,0,,240,,,,,
140001149,756006,,-1,240,10,450000,39600,1,1,1,1,,200,100,0,0,0,0,0,0,0,,240,,,,,
140001150,751003,,-1,260,10,1050000,64800,1,1,1,1,,200,100,0,0,0,0,0,0,0,,260,,,,,
140001151,751012,,-1,260,10,1050000,64800,1,1,1,1,,200,100,0,0,0,0,0,0,0,,260,,,,,
140001152,751006,,-1,260,10,890000,72000,1,1,1,1,,200,100,0,0,0,0,0,0,0,,260,,,,,
140001153,751013,,-1,260,10,880000,63000,1,1,1,1,,200,100,0,0,0,0,0,0,0,,260,,,,,
140001154,751010,,-1,260,10,890000,72000,1,1,1,1,,200,100,0,0,0,0,0,0,0,,260,,,,,
140001155,751011,,-1,260,10,900000,79200,1,1,1,1,,200,100,0,0,0,0,0,0,0,,260,,,,,
140001156,752001,,-1,260,10,1050000,64800,1,1,1,1,,200,100,0,0,0,0,0,0,0,,260,,,,,
140001157,752010,,-1,260,10,1050000,64800,1,1,1,1,,200,100,0,0,0,0,0,0,0,,260,,,,,
140001158,752013,,-1,260,10,900000,79200,1,1,1,1,,200,100,0,0,0,0,0,0,0,,260,,,,,
140001159,752014,,-1,260,10,890000,72000,1,1,1,1,,200,100,0,0,0,0,0,0,0,,260,,,,,
140001160,752014,,-1,260,10,890000,72000,1,1,1,1,,200,100,0,0,0,0,0,0,0,,260,,,,,
140001161,752005,,-1,260,10,890000,72000,1,1,1,1,,200,100,0,0,0,0,0,0,0,,260,,,,,
140001162,753014,,-1,260,10,890000,72000,1,1,1,1,,200,100,0,0,0,0,0,0,0,,260,,,,,
140001163,753008,,-1,260,10,1050000,64800,1,1,1,1,,200,100,0,0,0,0,0,0,0,,260,,,,,
140001164,753002,,-1,260,10,890000,72000,1,1,1,1,,200,100,0,0,0,0,0,0,0,,260,,,,,
140001165,753010,,-1,260,10,880000,63000,1,1,1,1,,200,100,0,0,0,0,0,0,0,,260,,,,,
140001166,753006,,-1,260,10,950000,96000,1,1,1,1,,200,100,0,0,0,0,0,0,0,,260,,,,,
140001167,753009,,-1,260,10,900000,79200,1,1,1,1,,200,100,0,0,0,0,0,0,0,,260,,,,,
140001168,754013,,-1,260,10,1050000,64800,1,1,1,1,,200,100,0,0,0,0,0,0,0,,260,,,,,
140001169,754008,,-1,260,10,1050000,64800,1,1,1,1,,200,100,0,0,0,0,0,0,0,,260,,,,,
140001170,754006,,-1,260,10,890000,72000,1,1,1,1,,200,100,0,0,0,0,0,0,0,,260,,,,,
140001171,654015,,-1,260,10,950000,96000,1,1,1,1,,200,100,0,0,0,0,0,0,0,,260,,,,,
140001172,754014,,-1,260,10,880000,63000,1,1,1,1,,200,100,0,0,0,0,0,0,0,,260,,,,,
140001173,754012,,-1,260,10,900000,79200,1,1,1,1,,200,100,0,0,0,0,0,0,0,,260,,,,,
140001174,755006,,-1,260,10,1050000,64800,1,1,1,1,,200,100,0,0,0,0,0,0,0,,260,,,,,
140001175,756002,,-1,260,10,1050000,64800,1,1,1,1,,200,100,0,0,0,0,0,0,0,,260,,,,,
140001176,755004,,-1,260,10,950000,96000,1,1,1,1,,200,100,0,0,0,0,0,0,0,,260,,,,,
140001177,756004,,-1,260,10,950000,96000,1,1,1,1,,200,100,0,0,0,0,0,0,0,,260,,,,,
140001178,755007,,-1,260,10,880000,63000,1,1,1,1,,200,100,0,0,0,0,0,0,0,,260,,,,,
140001179,756006,,-1,260,10,900000,79200,1,1,1,1,,200,100,0,0,0,0,0,0,0,,260,,,,,
140001180,751003,,-1,280,10,1575000,97200,1,1,1,1,,200,100,0,0,0,0,0,0,0,,280,,,,,
140001181,751012,,-1,280,10,1575000,97200,1,1,1,1,,200,100,0,0,0,0,0,0,0,,280,,,,,
140001182,751006,,-1,280,10,1335000,108000,1,1,1,1,,200,100,0,0,0,0,0,0,0,,280,,,,,
140001183,751013,,-1,280,10,1320000,94500,1,1,1,1,,200,100,0,0,0,0,0,0,0,,280,,,,,
140001184,751010,,-1,280,10,1335000,108000,1,1,1,1,,200,100,0,0,0,0,0,0,0,,280,,,,,
140001185,751011,,-1,280,10,1350000,118800,1,1,1,1,,200,100,0,0,0,0,0,0,0,,280,,,,,
140001186,752001,,-1,280,10,1575000,97200,1,1,1,1,,200,100,0,0,0,0,0,0,0,,280,,,,,
140001187,752010,,-1,280,10,1575000,97200,1,1,1,1,,200,100,0,0,0,0,0,0,0,,280,,,,,
140001188,752013,,-1,280,10,1350000,118800,1,1,1,1,,200,100,0,0,0,0,0,0,0,,280,,,,,
140001189,752014,,-1,280,10,1335000,108000,1,1,1,1,,200,100,0,0,0,0,0,0,0,,280,,,,,
140001190,752014,,-1,280,10,1335000,108000,1,1,1,1,,200,100,0,0,0,0,0,0,0,,280,,,,,
140001191,752005,,-1,280,10,1335000,108000,1,1,1,1,,200,100,0,0,0,0,0,0,0,,280,,,,,
140001192,753014,,-1,280,10,1335000,108000,1,1,1,1,,200,100,0,0,0,0,0,0,0,,280,,,,,
140001193,753008,,-1,280,10,1575000,97200,1,1,1,1,,200,100,0,0,0,0,0,0,0,,280,,,,,
140001194,753002,,-1,280,10,1335000,108000,1,1,1,1,,200,100,0,0,0,0,0,0,0,,280,,,,,
140001195,753010,,-1,280,10,1320000,94500,1,1,1,1,,200,100,0,0,0,0,0,0,0,,280,,,,,
140001196,753006,,-1,280,10,1425000,144000,1,1,1,1,,200,100,0,0,0,0,0,0,0,,280,,,,,
140001197,753009,,-1,280,10,1350000,118800,1,1,1,1,,200,100,0,0,0,0,0,0,0,,280,,,,,
140001198,754013,,-1,280,10,1575000,97200,1,1,1,1,,200,100,0,0,0,0,0,0,0,,280,,,,,
140001199,754008,,-1,280,10,1575000,97200,1,1,1,1,,200,100,0,0,0,0,0,0,0,,280,,,,,
140001200,754006,,-1,280,10,1335000,108000,1,1,1,1,,200,100,0,0,0,0,0,0,0,,280,,,,,
140001201,654015,,-1,280,10,1425000,144000,1,1,1,1,,200,100,0,0,0,0,0,0,0,,280,,,,,
140001202,754014,,-1,280,10,1320000,94500,1,1,1,1,,200,100,0,0,0,0,0,0,0,,280,,,,,
140001203,754012,,-1,280,10,1350000,118800,1,1,1,1,,200,100,0,0,0,0,0,0,0,,280,,,,,
140001204,755006,,-1,280,10,1575000,97200,1,1,1,1,,200,100,0,0,0,0,0,0,0,,280,,,,,
140001205,756002,,-1,280,10,1575000,97200,1,1,1,1,,200,100,0,0,0,0,0,0,0,,280,,,,,
140001206,755004,,-1,280,10,1425000,144000,1,1,1,1,,200,100,0,0,0,0,0,0,0,,280,,,,,
140001207,756004,,-1,280,10,1425000,144000,1,1,1,1,,200,100,0,0,0,0,0,0,0,,280,,,,,
140001208,755007,,-1,280,10,1320000,94500,1,1,1,1,,200,100,0,0,0,0,0,0,0,,280,,,,,
140001209,756006,,-1,280,10,1350000,118800,1,1,1,1,,200,100,0,0,0,0,0,0,0,,280,,,,,
140001210,751003,,-1,300,10,2100000,129600,1,1,1,1,,200,100,0,0,0,0,0,0,0,,300,,,,,
140001211,751012,,-1,300,10,2100000,129600,1,1,1,1,,200,100,0,0,0,0,0,0,0,,300,,,,,
140001212,751006,,-1,300,10,1780000,144000,1,1,1,1,,200,100,0,0,0,0,0,0,0,,300,,,,,
140001213,751013,,-1,300,10,1760000,126000,1,1,1,1,,200,100,0,0,0,0,0,0,0,,300,,,,,
140001214,751010,,-1,300,10,1780000,144000,1,1,1,1,,200,100,0,0,0,0,0,0,0,,300,,,,,
140001215,751011,,-1,300,10,1800000,158400,1,1,1,1,,200,100,0,0,0,0,0,0,0,,300,,,,,
140001216,752001,,-1,300,10,2100000,129600,1,1,1,1,,200,100,0,0,0,0,0,0,0,,300,,,,,
140001217,752010,,-1,300,10,2100000,129600,1,1,1,1,,200,100,0,0,0,0,0,0,0,,300,,,,,
140001218,752013,,-1,300,10,1800000,158400,1,1,1,1,,200,100,0,0,0,0,0,0,0,,300,,,,,
140001219,752014,,-1,300,10,1780000,144000,1,1,1,1,,200,100,0,0,0,0,0,0,0,,300,,,,,
140001220,752014,,-1,300,10,1780000,144000,1,1,1,1,,200,100,0,0,0,0,0,0,0,,300,,,,,
140001221,752005,,-1,300,10,1780000,144000,1,1,1,1,,200,100,0,0,0,0,0,0,0,,300,,,,,
140001222,753014,,-1,300,10,1780000,144000,1,1,1,1,,200,100,0,0,0,0,0,0,0,,300,,,,,
140001223,753008,,-1,300,10,2100000,129600,1,1,1,1,,200,100,0,0,0,0,0,0,0,,300,,,,,
140001224,753002,,-1,300,10,1780000,144000,1,1,1,1,,200,100,0,0,0,0,0,0,0,,300,,,,,
140001225,753010,,-1,300,10,1760000,126000,1,1,1,1,,200,100,0,0,0,0,0,0,0,,300,,,,,
140001226,753006,,-1,300,10,1900000,192000,1,1,1,1,,200,100,0,0,0,0,0,0,0,,300,,,,,
140001227,753009,,-1,300,10,1800000,158400,1,1,1,1,,200,100,0,0,0,0,0,0,0,,300,,,,,
140001228,754013,,-1,300,10,2100000,129600,1,1,1,1,,200,100,0,0,0,0,0,0,0,,300,,,,,
140001229,754008,,-1,300,10,2100000,129600,1,1,1,1,,200,100,0,0,0,0,0,0,0,,300,,,,,
140001230,754006,,-1,300,10,1780000,144000,1,1,1,1,,200,100,0,0,0,0,0,0,0,,300,,,,,
140001231,654015,,-1,300,10,1900000,192000,1,1,1,1,,200,100,0,0,0,0,0,0,0,,300,,,,,
140001232,754014,,-1,300,10,1760000,126000,1,1,1,1,,200,100,0,0,0,0,0,0,0,,300,,,,,
140001233,754012,,-1,300,10,1800000,158400,1,1,1,1,,200,100,0,0,0,0,0,0,0,,300,,,,,
140001234,755006,,-1,300,10,2100000,129600,1,1,1,1,,200,100,0,0,0,0,0,0,0,,300,,,,,
140001235,756002,,-1,300,10,2100000,129600,1,1,1,1,,200,100,0,0,0,0,0,0,0,,300,,,,,
140001236,755004,,-1,300,10,1900000,192000,1,1,1,1,,200,100,0,0,0,0,0,0,0,,300,,,,,
140001237,756004,,-1,300,10,1900000,192000,1,1,1,1,,200,100,0,0,0,0,0,0,0,,300,,,,,
140001238,755007,,-1,300,10,1760000,126000,1,1,1,1,,200,100,0,0,0,0,0,0,0,,300,,,,,
140001239,756006,,-1,300,10,1800000,158400,1,1,1,1,,200,100,0,0,0,0,0,0,0,,300,,,,,
140001240,751003,,-1,320,10,2625000,162000,1,1,1,1,,200,100,0,0,0,0,0,0,0,,320,,,,,
140001241,751012,,-1,320,10,2625000,162000,1,1,1,1,,200,100,0,0,0,0,0,0,0,,320,,,,,
140001242,751006,,-1,320,10,2225000,180000,1,1,1,1,,200,100,0,0,0,0,0,0,0,,320,,,,,
140001243,751013,,-1,320,10,2200000,157500,1,1,1,1,,200,100,0,0,0,0,0,0,0,,320,,,,,
140001244,751010,,-1,320,10,2225000,180000,1,1,1,1,,200,100,0,0,0,0,0,0,0,,320,,,,,
140001245,751011,,-1,320,10,2250000,198000,1,1,1,1,,200,100,0,0,0,0,0,0,0,,320,,,,,
140001246,752001,,-1,320,10,2625000,162000,1,1,1,1,,200,100,0,0,0,0,0,0,0,,320,,,,,
140001247,752010,,-1,320,10,2625000,162000,1,1,1,1,,200,100,0,0,0,0,0,0,0,,320,,,,,
140001248,752013,,-1,320,10,2250000,198000,1,1,1,1,,200,100,0,0,0,0,0,0,0,,320,,,,,
140001249,752014,,-1,320,10,2225000,180000,1,1,1,1,,200,100,0,0,0,0,0,0,0,,320,,,,,
140001250,752014,,-1,320,10,2225000,180000,1,1,1,1,,200,100,0,0,0,0,0,0,0,,320,,,,,
140001251,752005,,-1,320,10,2225000,180000,1,1,1,1,,200,100,0,0,0,0,0,0,0,,320,,,,,
140001252,753014,,-1,320,10,2225000,180000,1,1,1,1,,200,100,0,0,0,0,0,0,0,,320,,,,,
140001253,753008,,-1,320,10,2625000,162000,1,1,1,1,,200,100,0,0,0,0,0,0,0,,320,,,,,
140001254,753002,,-1,320,10,2225000,180000,1,1,1,1,,200,100,0,0,0,0,0,0,0,,320,,,,,
140001255,753010,,-1,320,10,2200000,157500,1,1,1,1,,200,100,0,0,0,0,0,0,0,,320,,,,,
140001256,753006,,-1,320,10,2375000,240000,1,1,1,1,,200,100,0,0,0,0,0,0,0,,320,,,,,
140001257,753009,,-1,320,10,2250000,198000,1,1,1,1,,200,100,0,0,0,0,0,0,0,,320,,,,,
140001258,754013,,-1,320,10,2625000,162000,1,1,1,1,,200,100,0,0,0,0,0,0,0,,320,,,,,
140001259,754008,,-1,320,10,2625000,162000,1,1,1,1,,200,100,0,0,0,0,0,0,0,,320,,,,,
140001260,754006,,-1,320,10,2225000,180000,1,1,1,1,,200,100,0,0,0,0,0,0,0,,320,,,,,
140001261,654015,,-1,320,10,2375000,240000,1,1,1,1,,200,100,0,0,0,0,0,0,0,,320,,,,,
140001262,754014,,-1,320,10,2200000,157500,1,1,1,1,,200,100,0,0,0,0,0,0,0,,320,,,,,
140001263,754012,,-1,320,10,2250000,198000,1,1,1,1,,200,100,0,0,0,0,0,0,0,,320,,,,,
140001264,755006,,-1,320,10,2625000,162000,1,1,1,1,,200,100,0,0,0,0,0,0,0,,320,,,,,
140001265,756002,,-1,320,10,2625000,162000,1,1,1,1,,200,100,0,0,0,0,0,0,0,,320,,,,,
140001266,755004,,-1,320,10,2375000,240000,1,1,1,1,,200,100,0,0,0,0,0,0,0,,320,,,,,
140001267,756004,,-1,320,10,2375000,240000,1,1,1,1,,200,100,0,0,0,0,0,0,0,,320,,,,,
140001268,755007,,-1,320,10,2200000,157500,1,1,1,1,,200,100,0,0,0,0,0,0,0,,320,,,,,
140001269,756006,,-1,320,10,2250000,198000,1,1,1,1,,200,100,0,0,0,0,0,0,0,,320,,,,,
140001270,751003,,-1,330,10,3150000,194400,1,1,1,1,,200,100,0,0,0,0,0,0,0,,330,,,,,
140001271,751012,,-1,330,10,3150000,194400,1,1,1,1,,200,100,0,0,0,0,0,0,0,,330,,,,,
140001272,751006,,-1,330,10,2670000,216000,1,1,1,1,,200,100,0,0,0,0,0,0,0,,330,,,,,
140001273,751013,,-1,330,10,2640000,189000,1,1,1,1,,200,100,0,0,0,0,0,0,0,,330,,,,,
140001274,751010,,-1,330,10,2670000,216000,1,1,1,1,,200,100,0,0,0,0,0,0,0,,330,,,,,
140001275,751011,,-1,330,10,2700000,237600,1,1,1,1,,200,100,0,0,0,0,0,0,0,,330,,,,,
140001276,752001,,-1,330,10,3150000,194400,1,1,1,1,,200,100,0,0,0,0,0,0,0,,330,,,,,
140001277,752010,,-1,330,10,3150000,194400,1,1,1,1,,200,100,0,0,0,0,0,0,0,,330,,,,,
140001278,752013,,-1,330,10,2700000,237600,1,1,1,1,,200,100,0,0,0,0,0,0,0,,330,,,,,
140001279,752014,,-1,330,10,2670000,216000,1,1,1,1,,200,100,0,0,0,0,0,0,0,,330,,,,,
140001280,752014,,-1,330,10,2670000,216000,1,1,1,1,,200,100,0,0,0,0,0,0,0,,330,,,,,
140001281,752005,,-1,330,10,2670000,216000,1,1,1,1,,200,100,0,0,0,0,0,0,0,,330,,,,,
140001282,753014,,-1,330,10,2670000,216000,1,1,1,1,,200,100,0,0,0,0,0,0,0,,330,,,,,
140001283,753008,,-1,330,10,3150000,194400,1,1,1,1,,200,100,0,0,0,0,0,0,0,,330,,,,,
140001284,753002,,-1,330,10,2670000,216000,1,1,1,1,,200,100,0,0,0,0,0,0,0,,330,,,,,
140001285,753010,,-1,330,10,2640000,189000,1,1,1,1,,200,100,0,0,0,0,0,0,0,,330,,,,,
140001286,753006,,-1,330,10,2850000,288000,1,1,1,1,,200,100,0,0,0,0,0,0,0,,330,,,,,
140001287,753009,,-1,330,10,2700000,237600,1,1,1,1,,200,100,0,0,0,0,0,0,0,,330,,,,,
140001288,754013,,-1,330,10,3150000,194400,1,1,1,1,,200,100,0,0,0,0,0,0,0,,330,,,,,
140001289,754008,,-1,330,10,3150000,194400,1,1,1,1,,200,100,0,0,0,0,0,0,0,,330,,,,,
140001290,754006,,-1,330,10,2670000,216000,1,1,1,1,,200,100,0,0,0,0,0,0,0,,330,,,,,
140001291,654015,,-1,330,10,2850000,288000,1,1,1,1,,200,100,0,0,0,0,0,0,0,,330,,,,,
140001292,754014,,-1,330,10,2640000,189000,1,1,1,1,,200,100,0,0,0,0,0,0,0,,330,,,,,
140001293,754012,,-1,330,10,2700000,237600,1,1,1,1,,200,100,0,0,0,0,0,0,0,,330,,,,,
140001294,755006,,-1,330,10,3150000,194400,1,1,1,1,,200,100,0,0,0,0,0,0,0,,330,,,,,
140001295,756002,,-1,330,10,3150000,194400,1,1,1,1,,200,100,0,0,0,0,0,0,0,,330,,,,,
140001296,755004,,-1,330,10,2850000,288000,1,1,1,1,,200,100,0,0,0,0,0,0,0,,330,,,,,
140001297,756004,,-1,330,10,2850000,288000,1,1,1,1,,200,100,0,0,0,0,0,0,0,,330,,,,,
140001298,755007,,-1,330,10,2640000,189000,1,1,1,1,,200,100,0,0,0,0,0,0,0,,330,,,,,
140001299,756006,,-1,330,10,2700000,237600,1,1,1,1,,200,100,0,0,0,0,0,0,0,,330,,,,,
2101011,751016,,-1,330,10,2000000000,20000,1,1,1,10,,200,1200,0,0,0,300,600,0,0,1,330,0.3,,,,5|5|5|5
2101021,751016,,-1,330,10,4000000000.0,40000,1,1,1,10,,200,1200,0,0,0,300,600,0,0,1,330,0.3,,,,5|5|5|5
2101031,751016,,-1,330,10,10000000000.0,70000,1,1,1,10,,200,1200,0,0,0,300,600,0,0,1,330,0.3,,,,5|5|5|5
2101041,751016,,-1,330,10,16000000000.0,100000,1,1,1,10,,200,1200,0,0,0,300,600,0,0,1,330,0.3,,,,5|5|5|5
2101051,751016,,-1,330,10,24000000000.0,130000,1,1,1,10,,200,1200,0,0,0,300,900,0,0,1,330,0.3,,,,5|5|5|5
2101061,751016,,-1,330,10,60000000000.0,160000,1,1,1,10,,200,1200,0,0,0,300,900,0,0,1,330,0.3,,,,5|5|5|5
2101071,751016,,-1,330,10,100000000000.0,200000,1,1,1,10,,200,1200,0,0,0,300,900,0,0,1,330,0.3,,,,5|5|5|5
2101081,751016,,-1,330,10,160000000000.0,250000,1,1,1,10,,200,1200,0,0,0,300,900,0,0,1,330,0.3,,,,5|5|5|5
2101091,751016,,-1,330,10,200000000000.0,300000,1,1,1,10,,200,1200,0,0,0,300,900,0,0,1,330,0.3,,,,5|5|5|5
2101101,751016,,-1,330,10,280000000000.0,350000,1,1,1,10,,200,1200,0,0,0,300,900,0,0,1,330,0.3,,,,5|5|5|5
2102011,756007,,-1,330,10,1800000000,12000,1,1,1,1,,200,1200,0,0,0,300,600,0,0,,330,,,,6478,5|5|5|5
2102021,756007,,-1,330,10,2700000000.0,20000,1,1,1,1,,200,1200,0,0,0,300,600,0,0,,330,,,,6478,5|5|5|5
2102031,756007,,-1,330,10,5400000000.0,30000,1,1,1,1,,200,1200,0,0,0,300,600,0,0,,330,,,,6478,5|5|5|5
2102041,756007,,-1,330,10,10800000000.0,50000,1,1,1,1,,200,1200,0,0,0,300,750,0,0,,330,,,,6478,5|5|5|5
2102051,756007,,-1,330,10,16200000000.0,70000,1,1,1,1,,200,1200,0,0,0,300,750,0,0,,330,,,,6478,5|5|5|5
2102061,756007,,-1,330,10,27000000000.0,100000,1,1,1,1,,200,1200,0,0,0,300,750,0,0,,330,,,,6478,5|5|5|5
2102071,756007,,-1,330,10,40500000000.0,150000,1,1,1,1,,200,1200,0,0,0,300,900,0,0,,330,,,,6478,5|5|5|5
2102081,756007,,-1,330,10,54000000000.0,200000,1,1,1,1,,200,1200,0,0,0,300,900,0,0,,330,,,,6478,5|5|5|5
2102091,756007,,-1,330,10,72000000000.0,250000,1,1,1,1,,200,1200,0,0,0,300,900,0,0,,330,,,,6478,5|5|5|5
2102101,756007,,-1,330,10,90000000000.0,300000,1,1,1,1,,200,1200,0,0,0,300,900,0,0,,330,,,,6478,5|5|5|5
2102012,755007,,-1,330,10,1200000000,12000,1,1,1,1,,200,1200,0,0,0,300,600,0,0,,330,,,,6478,5|5|5|5
2102022,755007,,-1,330,10,1800000000,20000,1,1,1,1,,200,1200,0,0,0,300,600,0,0,,330,,,,6478,5|5|5|5
2102032,755007,,-1,330,10,3600000000.0,30000,1,1,1,1,,200,1200,0,0,0,300,600,0,0,,330,,,,6478,5|5|5|5
2102042,755007,,-1,330,10,7200000000.0,50000,1,1,1,1,,200,1200,0,0,0,300,750,0,0,,330,,,,6478,5|5|5|5
2102052,755007,,-1,330,10,10800000000.0,70000,1,1,1,1,,200,1200,0,0,0,300,750,0,0,,330,,,,6478,5|5|5|5
2102062,755007,,-1,330,10,18000000000.0,100000,1,1,1,1,,200,1200,0,0,0,300,750,0,0,,330,,,,6478,5|5|5|5
2102072,755007,,-1,330,10,27000000000.0,150000,1,1,1,1,,200,1200,0,0,0,300,900,0,0,,330,,,,6478,5|5|5|5
2102082,755007,,-1,330,10,36000000000.0,200000,1,1,1,1,,200,1200,0,0,0,300,900,0,0,,330,,,,6478,5|5|5|5
2102092,755007,,-1,330,10,48000000000.0,250000,1,1,1,1,,200,1200,0,0,0,300,900,0,0,,330,,,,6478,5|5|5|5
2102102,755007,,-1,330,10,60000000000.0,300000,1,1,1,1,,200,1200,0,0,0,300,900,0,0,,330,,,,6478,5|5|5|5
2102013,755001,,-1,330,10,1000000000,16000,1,1,1,1,,200,1200,0,0,0,300,600,0,0,1,330,0.2,,,6478,5|5|5|5
2102023,755001,,-1,330,10,3000000000.0,32000,1,1,1,1,,200,1200,0,0,0,300,600,0,0,1,330,0.2,,,6478,5|5|5|5
2102033,755001,,-1,330,10,6000000000.0,48000,1,1,1,1,,200,1200,0,0,0,300,600,0,0,1,330,0.2,,,6478,5|5|5|5
2102043,755001,,-1,330,10,12000000000.0,64000,1,1,1,1,,200,1200,0,0,0,300,750,0,0,1,330,0.2,,,6478,5|5|5|5
2102053,755001,7033,-1,330,10,18000000000.0,80000,1,1,1,1,,200,1200,0,0,0,300,750,0,0,1,330,0.2,,,6478,5|5|5|5
2102063,755001,7033,-1,330,10,30000000000.0,120000,1,1,1,1,,200,1200,0,0,0,300,750,0,0,1,330,0.2,,,6478,5|5|5|5
2102073,755001,7033,-1,330,10,50000000000.0,160000,1,1,1,1,,200,1200,0,0,0,300,900,0,0,1,330,0.2,,,6478,5|5|5|5
2102083,755001,7153,-1,330,10,70000000000.0,240000,1,1,1,1,,200,1200,0,0,0,300,900,0,0,1,330,0.2,,,6478,5|5|5|5
2102093,755001,7153,-1,330,10,100000000000.0,320000,1,1,1,1,,200,1200,0,0,0,300,900,0,0,1,330,0.2,,,6478,5|5|5|5
2102103,755001,7153,-1,330,10,140000000000.0,400000,1,1,1,1,,200,1200,0,0,0,300,900,0,0,1,330,0.2,,,6478,5|5|5|5
2103011,751012,,-1,330,10,2700000000.0,15000,1,1,1,1,,200,1200,0,0,0,300,600,0,0,1,330,,,,,5|5|5|5
2103021,751012,,-1,330,10,4050000000.0,30000,1,1,1,1,,200,1200,0,0,0,300,600,0,0,1,330,,,,,5|5|5|5
2103031,751012,,-1,330,10,8100000000.0,45000,1,1,1,1,,200,1200,0,0,0,300,600,0,0,1,330,,,,,5|5|5|5
2103041,751012,,-1,330,10,16200000000.0,60000,1,1,1,1,,200,1200,0,0,0,300,750,0,0,1,330,,,,,5|5|5|5
2103051,751012,,-1,330,10,24300000000.0,80000,1,1,1,1,,200,1200,0,0,0,300,750,0,0,1,330,,,,,5|5|5|5
2103061,751012,,-1,330,10,40500000000.0,100000,1,1,1,1,,200,1200,0,0,0,300,750,0,0,1,330,,,,,5|5|5|5
2103071,751012,,-1,330,10,67500000000.0,150000,1,1,1,1,,200,1200,0,0,0,300,900,0,0,1,330,,,,,5|5|5|5
2103081,751012,,-1,330,10,94500000000.0,200000,1,1,1,1,,200,1200,0,0,0,300,900,0,0,1,330,,,,,5|5|5|5
2103091,751012,,-1,330,10,135000000000.0,250000,1,1,1,1,,200,1200,0,0,0,300,900,0,0,1,330,,,,,5|5|5|5
2103101,751012,,-1,330,10,189000000000.0,300000,1,1,1,1,,200,1200,0,0,0,300,900,0,0,1,330,,,,,5|5|5|5
2103012,752017,,-1,330,10,1800000000,15000,1,1,1,1,50,200,1200,0,0,0,300,600,0,0,,330,,,,,5|5|5|5
2103022,752017,,-1,330,10,2700000000.0,30000,1,1,1,1,50,200,1200,0,0,0,300,600,0,0,,330,,,,,5|5|5|5
2103032,752017,,-1,330,10,5400000000.0,45000,1,1,1,1,50,200,1200,0,0,0,300,600,0,0,,330,,,,,5|5|5|5
2103042,752017,,-1,330,10,10800000000.0,60000,1,1,1,1,50,200,1200,0,0,0,300,750,0,0,,330,,,,,5|5|5|5
2103052,752017,,-1,330,10,16200000000.0,80000,1,1,1,1,50,200,1200,0,0,0,300,750,0,0,,330,,,,,5|5|5|5
2103062,752017,,-1,330,10,27000000000.0,100000,1,1,1,1,50,200,1200,0,0,0,300,750,0,0,,330,,,,,5|5|5|5
2103072,752017,,-1,330,10,45000000000.0,150000,1,1,1,1,50,200,1200,0,0,0,300,900,0,0,,330,,,,,5|5|5|5
2103082,752017,,-1,330,10,63000000000.0,200000,1,1,1,1,50,200,1200,0,0,0,300,900,0,0,,330,,,,,5|5|5|5
2103092,752017,,-1,330,10,90000000000.0,250000,1,1,1,1,50,200,1200,0,0,0,300,900,0,0,,330,,,,,5|5|5|5
2103102,752017,,-1,330,10,126000000000.0,300000,1,1,1,1,50,200,1200,0,0,0,300,900,0,0,,330,,,,,5|5|5|5
2103013,753013,,-1,330,10,1800000000,15000,1,1,1,1,50,200,1200,0,0,0,300,600,0,0,1,330,,,,,5|5|5|5
2103023,753013,,-1,330,10,2700000000.0,30000,1,1,1,1,50,200,1200,0,0,0,300,600,0,0,1,330,,,,,5|5|5|5
2103033,753013,,-1,330,10,5400000000.0,45000,1,1,1,1,50,200,1200,0,0,0,300,600,0,0,1,330,,,,,5|5|5|5
2103043,753013,,-1,330,10,10800000000.0,60000,1,1,1,1,50,200,1200,0,0,0,300,750,0,0,1,330,,,,,5|5|5|5
2103053,753013,,-1,330,10,16200000000.0,80000,1,1,1,1,50,200,1200,0,0,0,300,750,0,0,1,330,,,,,5|5|5|5
2103063,753013,,-1,330,10,27000000000.0,100000,1,1,1,1,50,200,1200,0,0,0,300,750,0,0,1,330,,,,,5|5|5|5
2103073,753013,,-1,330,10,45000000000.0,150000,1,1,1,1,50,200,1200,0,0,0,300,900,0,0,1,330,,,,,5|5|5|5
2103083,753013,,-1,330,10,63000000000.0,200000,1,1,1,1,50,200,1200,0,0,0,300,900,0,0,1,330,,,,,5|5|5|5
2103093,753013,,-1,330,10,90000000000.0,250000,1,1,1,1,50,200,1200,0,0,0,300,900,0,0,1,330,,,,,5|5|5|5
2103103,753013,,-1,330,10,126000000000.0,300000,1,1,1,1,50,200,1200,0,0,0,300,900,0,0,1,330,,,,,5|5|5|5
2103014,754016,,-1,330,10,1800000000,15000,1,1,1,1,50,200,1200,0,0,0,300,600,0,0,,330,,,,,5|5|5|5
2103024,754016,,-1,330,10,2700000000.0,30000,1,1,1,1,50,200,1200,0,0,0,300,600,0,0,,330,,,,,5|5|5|5
2103034,754016,,-1,330,10,5400000000.0,45000,1,1,1,1,50,200,1200,0,0,0,300,600,0,0,,330,,,,,5|5|5|5
2103044,754016,,-1,330,10,10800000000.0,60000,1,1,1,1,50,200,1200,0,0,0,300,750,0,0,,330,,,,,5|5|5|5
2103054,754016,,-1,330,10,16200000000.0,80000,1,1,1,1,50,200,1200,0,0,0,300,750,0,0,,330,,,,,5|5|5|5
2103064,754016,,-1,330,10,27000000000.0,100000,1,1,1,1,50,200,1200,0,0,0,300,750,0,0,,330,,,,,5|5|5|5
2103074,754016,,-1,330,10,45000000000.0,150000,1,1,1,1,50,200,1200,0,0,0,300,900,0,0,,330,,,,,5|5|5|5
2103084,754016,,-1,330,10,63000000000.0,200000,1,1,1,1,50,200,1200,0,0,0,300,900,0,0,,330,,,,,5|5|5|5
2103094,754016,,-1,330,10,90000000000.0,250000,1,1,1,1,50,200,1200,0,0,0,300,900,0,0,,330,,,,,5|5|5|5
2103104,754016,,-1,330,10,126000000000.0,300000,1,1,1,1,50,200,1200,0,0,0,300,900,0,0,,330,,,,,5|5|5|5
99010001,751011,7109,-1,250,10,506052,29743,,,1,1,,500,600,0,0,0,0,300,0,0,,250,,,,,
99010002,751015,7188,-1,250,10,537663,36768,,,1,1,,500,600,0,0,0,0,300,0,0,,250,,,,,
99010003,752011,7110,-1,250,10,496887,27236,,,1,1,,500,600,0,0,0,0,300,0,0,,250,,,,,
99010004,752012,7115,-1,250,10,488489,40614,,,1,1,,500,600,0,0,0,0,300,0,0,,250,,,,,
99010005,752015,7194,-1,250,10,725925,21793,,,1,1,,500,600,0,0,0,0,300,0,0,,250,,,,,
99010006,753011,7111,-1,250,10,685720,23998,,,1,1,,500,600,0,0,0,0,300,0,0,,250,,,,,
99010007,753013,7198,-1,250,10,482791,35075,,,1,1,,500,600,0,0,0,0,300,0,0,,250,,,,,
99010008,753015,7197,-1,250,10,561999,34540,,,1,1,,500,600,0,0,0,0,300,0,0,,250,,,,,
99010009,754014,7182,-1,250,10,522739,25212,,,1,1,,500,600,0,0,0,0,300,0,0,,250,,,,,
99010010,755003,7112,-1,250,10,589913,25407,,,1,1,,500,600,0,0,0,0,300,0,0,,250,,,,,
99010011,755005,7116,-1,250,10,569093,22905,,,1,1,,500,600,0,0,0,0,300,0,0,,250,,,,,
99010012,755006,7118,-1,250,10,716830,23240,,,1,1,,500,600,0,0,0,0,300,0,0,,250,,,,,
99010013,755008,7199,-1,250,10,551566,24430,,,1,1,,500,600,0,0,0,0,300,0,0,,250,,,,,
99010014,755009,7196,-1,250,10,577606,27361,,,1,1,,500,600,0,0,0,0,300,0,0,,250,,,,,
99010015,756003,7113,-1,250,10,472187,25407,,,1,1,,500,600,0,0,0,0,300,0,0,,250,,,,,
99010016,756004,7099,-1,250,10,521196,28724,,,1,1,,500,600,0,0,0,0,300,0,0,,250,,,,,
99010017,756006,7193,-1,250,10,577070,29173,,,1,1,,500,600,0,0,0,0,300,0,0,,250,,,,,
99010018,756008,7195,-1,250,10,513389,25177,,,1,1,,500,600,0,0,0,0,300,0,0,,250,,,,,
99011001,752015,7194,-1,250,10,800000,20000,,,1,1,,500,600,0,0,0,0,300,0,0,,250,,,,,
99011002,752015,7194,-1,250,10,800000,20000,,,1,1,,500,600,0,0,0,0,300,0,0,,250,,,,,
99011003,752008,7047,-1,250,10,1000000,20000,,,1,1,,500,600,0,0,0,0,300,0,0,,250,,,,,
99011004,752008,7047,-1,250,10,1000000,20000,,,1,1,,500,600,0,0,0,0,300,0,0,,250,,,,,
99011005,752008,7047,-1,250,10,1000000,20000,,,1,1,,500,600,0,0,0,0,300,0,0,,250,,,,,
99011006,752008,7047,-1,250,10,1000000,20000,,,1,1,,500,600,0,0,0,0,300,0,0,,250,,,,,
99012001,751009,7034,-1,250,10,1000000,20000,,,1,1,,500,600,0,0,0,0,300,0,0,,250,,,,,
99012002,751009,7034,-1,250,10,1000000,20000,,,1,1,,500,600,0,0,0,0,300,0,0,,250,,,,,
99012003,753006,7038,-1,250,10,1200000,32000,,,1,1,,500,600,0,0,0,0,300,0,0,,250,,,,,
99012004,753006,7038,-1,250,10,1200000,32000,,,1,1,,500,600,0,0,0,0,300,0,0,,250,,,,,
99012005,754014,7182,-1,250,10,1200000,32000,,,1,1,,500,600,0,0,0,0,300,0,0,,250,,,,,
99012006,754014,7182,-1,250,10,1200000,32000,,,1,1,,500,600,0,0,0,0,300,0,0,,250,,,,,
99013001,755006,7118,-1,250,10,1000000,20000,,,1,1,,500,600,0,0,0,0,300,0,0,,250,,,,,
99013002,755006,7118,-1,250,10,1000000,20000,,,1,1,,500,600,0,0,0,0,300,0,0,,250,,,,,
99013003,756006,7193,-1,250,10,800000,25000,,,1,1,,500,600,0,0,0,0,300,0,0,,250,,,,,
99013004,756006,7193,-1,250,10,800000,25000,,,1,1,,500,600,0,0,0,0,300,0,0,,250,,,,,
99013005,756006,7193,-1,250,10,800000,25000,,,1,1,,500,600,0,0,0,0,300,0,0,,250,,,,,
99013006,756006,7193,-1,250,10,800000,25000,,,1,1,,500,600,0,0,0,0,300,0,0,,250,,,,,
99014001,755005,7116,-1,250,10,500000,30000,,,1,1,,500,600,0,0,0,0,300,0,0,,250,,,,,
99014002,751011,7109,-1,250,10,500000,30000,,,1,1,,500,600,0,0,0,0,300,0,0,,250,,,,,
99014003,755005,7116,-1,250,10,500000,30000,,,1,1,,500,600,0,0,0,0,300,0,0,,250,,,,,
99014004,755005,7116,-1,250,10,500000,30000,,,1,1,,500,600,0,0,0,0,300,0,0,,250,,,,,
99014005,751011,7109,-1,250,10,500000,30000,,,1,1,,500,600,0,0,0,0,300,0,0,,250,,,,,
99014006,751011,7109,-1,250,10,500000,30000,,,1,1,,500,600,0,0,0,0,300,0,0,,250,,,,,
99015001,753011,7111,-1,250,10,1000000,20000,,,1,1,,500,600,0,0,0,0,300,0,0,,250,,,,,
99015002,753011,7111,-1,250,10,1000000,20000,,,1,1,,500,600,0,0,0,0,300,0,0,,250,,,,,
99015003,755003,7112,-1,250,10,800000,20000,,,1,1,,500,600,0,0,0,0,300,0,0,,250,,,,,
99015004,755003,7112,-1,250,10,800000,20000,,,1,1,,500,600,0,0,0,0,300,0,0,,250,,,,,
99015005,755003,7112,-1,250,10,800000,20000,,,1,1,,500,600,0,0,0,0,300,0,0,,250,,,,,
99015006,755003,7112,-1,250,10,800000,20000,,,1,1,,500,600,0,0,0,0,300,0,0,,250,,,,,
99016001,753005,7187,-1,250,10,3200000,35000,,,1,1,,500,600,0,0,0,0,300,0,0,,250,,,,,
99016002,753005,7187,-1,250,10,3200000,35000,,,1,1,,500,600,0,0,0,0,300,0,0,,250,,,,,
99016003,755009,7196,-1,250,10,2800000,22000,,,1,1,100,500,600,0,0,0,0,300,0,0,,250,,,,,
99016004,755009,7196,-1,250,10,2800000,22000,,,1,1,100,500,600,0,0,0,0,300,0,0,,250,,,,,
99016005,755009,7196,-1,250,10,2800000,22000,,,1,1,100,500,600,0,0,0,0,300,0,0,,250,,,,,
99016006,755009,7196,-1,250,10,2800000,22000,,,1,1,100,500,600,0,0,0,0,300,0,0,,250,,,,,
99017001,752005,7189,-1,250,10,2200000,51000,,,1,1,,500,600,0,0,0,0,300,0,0,,250,,,,,
99017002,752005,7189,-1,250,10,2200000,51000,,,1,1,,500,600,0,0,0,0,300,0,0,,250,,,,,
99017003,752005,7189,-1,250,10,2200000,51000,,,1,1,,500,600,0,0,0,0,300,0,0,,250,,,,,
99017004,751015,7188,-1,250,10,1200000,25000,,,1,1,,500,600,0,0,0,0,300,0,0,,250,,,,,
99017005,751015,7188,-1,250,10,1200000,25000,,,1,1,,500,600,0,0,0,0,300,0,0,,250,,,,,
99017006,752005,7189,-1,250,10,2200000,51000,,,1,1,,500,600,0,0,0,0,300,0,0,,250,,,,,
99018001,756003,7113,-1,250,10,1500000,30000,,,1,1,,500,600,0,0,0,0,300,0,0,,250,,,,,
99018002,756003,7113,-1,250,10,1500000,30000,,,1,1,,500,600,0,0,0,0,300,0,0,,250,,,,,
99018003,756008,7195,-1,250,10,1200000,50000,,,1,1,,500,600,0,0,0,0,300,0,0,1,250,0.2,,,,
99019001,752012,7115,-1,250,10,2200000,32000,,,1,1,,500,600,0,0,0,0,300,0,0,,250,,,,,
99019002,752012,7115,-1,250,10,2200000,32000,,,1,1,,500,600,0,0,0,0,300,0,0,,250,,,,,
99019003,751008,7114,-1,250,10,2200000,36000,,,1,1,,500,600,0,0,0,0,300,0,0,,250,,,,,
99019004,751008,7114,-1,250,10,2200000,36000,,,1,1,,500,600,0,0,0,0,300,0,0,,250,,,,,
99019005,753015,7197,-1,250,10,2200000,36000,,,1,1,,500,600,0,0,0,0,300,0,0,,250,,,,,
99019006,753015,7197,-1,250,10,2200000,36000,,,1,1,,500,600,0,0,0,0,300,0,0,,250,,,,,
99020001,752001,7108,-1,250,10,3200000,42000,,,1,1,,500,600,0,0,0,0,300,0,0,,250,,,,,
99020002,752001,7108,-1,250,10,3200000,42000,,,1,1,,500,600,0,0,0,0,300,0,0,,250,,,,,
99020003,753013,7198,-1,250,10,2000000,45000,,,1,1,,500,600,1200,0,0,0,300,0,0,,250,,,,,
99020004,753013,7198,-1,250,10,2000000,45000,,,1,1,,500,600,1200,0,0,0,300,0,0,,250,,,,,
99020005,752011,7110,-1,250,10,3000000,28000,,,1,1,,500,600,0,0,0,0,300,0,0,,250,,,,,
99020006,752011,7110,-1,250,10,3000000,28000,,,1,1,,500,600,0,0,0,0,300,0,0,,250,,,,,
99021101,52017,,-1,100,5,20443,3158,,,1,1,,0,0,0,0,0,0,0,0,0,,100,,,,,
99021111,11003,,-1,100,1,12000,1000,,,1,1,,0,0,0,0,0,0,0,0,0,,100,,,,,
99021112,12003,,-1,100,1,12000,1000,,,1,1,,0,0,0,0,0,0,0,0,0,,100,,,,,
99021113,13002,,-1,100,1,12000,1000,,,1,1,,0,0,0,0,0,0,0,0,0,,100,,,,,
99021114,14003,,-1,100,1,12000,1000,,,1,1,,0,0,0,0,0,0,0,0,0,,100,,,,,
99021201,52017,7204,-1,100,5,20443,3158,,,1,1,,0,0,0,0,0,0,0,0,0,,100,,,,,
99021202,52011,,-1,100,5,20456,3533,,,1,1,,0,0,0,0,0,0,0,0,0,,100,,,,,
99021203,53010,,-1,100,5,16593,4656,,,1,1,,0,0,0,0,0,0,0,0,0,,100,,,,,
99021211,56004,,-1,100,5,18000,3000,,,1,1,,0,0,0,0,0,0,0,0,0,1,100,,,,,
99021212,56004,,-1,100,5,18000,3000,,,1,1,,0,0,0,0,0,0,0,0,0,1,100,,,,,
99021213,56004,,-1,100,5,18000,3000,,,1,1,,0,0,0,0,0,0,0,0,0,1,100,,,,,
99021301,651022,,-1,140,6,67494,9587,,,1,1,,0,0,0,0,0,0,0,0,0,,140,,,,,
99021302,651020,,-1,140,6,72792,7277,,,1,1,,0,0,0,0,0,0,0,0,0,,140,,,,,
99021303,652024,,-1,140,6,76430,7641,,,1,1,,0,0,0,0,0,0,0,0,0,,140,,,,,
99021304,652022,,-1,140,6,70227,7236,,,1,1,,0,0,0,0,0,0,0,0,0,,140,,,,,
99021305,653021,,-1,140,6,81252,6510,,,1,1,,0,0,0,0,0,0,0,0,0,,140,,,,,
99021306,653020,,-1,140,6,49432,10038,,,1,1,,0,0,0,0,0,0,0,0,0,,140,,,,,
99021307,654022,,-1,140,6,64864,8645,,,1,1,,0,0,0,0,0,0,0,0,0,,140,,,,,
99021308,654019,,-1,140,6,64248,8653,,,1,1,,0,0,0,0,0,0,0,0,0,,140,,,,,
99021309,655018,,-1,140,6,66018,8707,,,1,1,,0,0,0,0,0,0,0,0,0,,140,,,,,
99021310,656015,,-1,140,6,74820,10045,,,1,1,,0,0,0,0,0,0,0,0,0,,140,,,,,
99021311,651007,,-1,140,6,160000,10000,,,1,1,,0,0,0,0,0,0,0,0,0,,140,,,,,
99021312,651007,,-1,140,6,160000,10000,,,1,1,,0,0,0,0,0,0,0,0,0,,140,,,,,
99021313,652001,,-1,140,6,120000,12000,,,1,1,,0,0,0,0,0,0,0,0,0,,140,,,,,
99021314,652001,,-1,140,6,120000,12000,,,1,1,,0,0,0,0,0,0,0,0,0,,140,,,,,
99021315,652001,,-1,140,6,120000,12000,,,1,1,,0,0,0,0,0,0,0,0,0,,140,,,,,
99021316,652001,,-1,140,6,120000,12000,,,1,1,,0,0,0,0,0,0,0,0,0,,140,,,,,
99021401,752017,,-1,250,10,617137,20518,,,1,1,,0,0,0,0,0,0,0,0,0,,250,,,,,
99021402,751011,,-1,250,10,506052,29743,,,1,1,,0,0,0,0,0,0,0,0,0,,250,,,,,
99021403,752013,,-1,250,10,554422,32328,,,1,1,,0,0,0,0,0,0,0,0,0,,250,,,,,
99021404,754008,,-1,250,10,472193,17655,,,1,1,,0,0,0,0,0,0,0,0,0,,250,,,,,
99021411,751001,,-1,250,10,800000,10000,,,1,1,,0,0,0,0,0,0,0,0,0,,250,,,,,
99021412,751001,,-1,250,10,800000,10000,,,1,1,,0,0,0,0,0,0,0,0,0,,250,,,,,
99021413,751002,,-1,250,10,500000,35000,,,1,1,,0,0,0,0,0,0,0,0,0,,250,,,,,
99021501,751014,,-1,250,10,535611,29537,,,1,1,,0,0,0,0,0,0,0,0,0,,250,,,,,
99021502,751010,,-1,250,10,506123,30307,,,1,1,,0,0,0,0,0,0,0,0,0,,250,,,,,
99021503,752017,7204,-1,250,10,617137,20518,,,1,1,,0,0,0,0,0,0,0,0,0,,250,,,,,
99021504,752014,,-1,250,10,591110,29102,,,1,1,,0,0,0,0,0,0,0,0,0,,250,,,,,
99021505,753015,,-1,250,10,561999,34540,,,1,1,,0,0,0,0,0,0,0,0,0,,250,,,,,
99021506,753008,,-1,250,10,772352,21230,,,1,1,,0,0,0,0,0,0,0,0,0,,250,,,,,
99021507,754016,,-1,250,10,502633,26221,,,1,1,,0,0,0,0,0,0,0,0,0,,250,,,,,
99021508,754014,,-1,250,10,522739,25212,,,1,1,,0,0,0,0,0,0,0,0,0,,250,,,,,
99021509,755007,,-1,250,10,614426,24208,,,1,1,,0,0,0,0,0,0,0,0,0,,250,,,,,
99021510,756008,,-1,250,10,513389,25177,,,1,1,,0,0,0,0,0,0,0,0,0,,250,,,,,
99021511,755005,,-1,250,10,900000,25000,,,1,1,,0,0,0,0,0,0,0,0,0,,250,,,,,
99021512,755005,,-1,250,10,900000,25000,,,1,1,,0,0,0,0,0,0,0,0,0,,250,,,,,
99021513,756005,,-1,250,10,600000,22000,,,1,1,,0,0,0,0,0,0,0,0,0,,250,,,,,
99021514,756005,,-1,250,10,600000,22000,,,1,1,,0,0,0,0,0,0,0,0,0,,250,,,,,
99021515,756005,,-1,250,10,600000,22000,,,1,1,,0,0,0,0,0,0,0,0,0,,250,,,,,
99021516,756005,,-1,250,10,600000,22000,,,1,1,,0,0,0,0,0,0,0,0,0,,250,,,,,
