id,dropbox_id,cost,name,dropbox_id_2
41001,24101,19#20,-1,
41002,24102,19#20,-1,
41003,24103,19#20,-1,
41004,24104,19#20,-1,
41005,24105,19#20,-1,
41006,24106,19#20,-1,
41007,24107,19#20,-1,
41008,24108,19#20,-1,
42001,24201,19#20,-1,
42002,24202,19#20,-1,
42003,24203,19#20,-1,
42004,24204,19#20,-1,
42005,24205,19#20,-1,
42006,24206,19#20,-1,
42007,24207,19#20,-1,
42008,24208,19#20,-1,
43001,24301,19#20,-1,
43002,24302,19#20,-1,
43003,24303,19#20,-1,
43004,24304,19#20,-1,
43005,24305,19#20,-1,
43006,24306,19#20,-1,
43007,24307,19#20,-1,
43008,24308,19#20,-1,
44001,24401,19#20,-1,
44002,24402,19#20,-1,
44003,24403,19#20,-1,
44004,24404,19#20,-1,
44005,24405,19#20,-1,
44006,24406,19#20,-1,
44007,24407,19#20,-1,
44008,24408,19#20,-1,
51001,26001,19#100,-1,26011
51002,26001,19#100,-1,26011
51003,26001,19#100,-1,26011
51004,26001,19#100,-1,26011
51005,26001,19#100,-1,26011
51006,26001,19#100,-1,26011
51007,26001,19#100,-1,26011
51008,26001,19#100,-1,26011
51009,26001,19#100,-1,26011
51010,26001,19#100,-1,26011
541001,26001,19#100,-1,26011
541002,26001,19#100,-1,26011
541003,26001,19#100,-1,26011
541004,26001,19#100,-1,26011
541005,26001,19#100,-1,26011
541006,26001,19#100,-1,26011
541007,26001,19#100,-1,26011
541008,26001,19#100,-1,26011
51011,26001,19#100,-1,26021
51012,26001,19#100,-1,26021
51013,26001,19#100,-1,26021
51014,26001,19#100,-1,26021
51015,26001,19#100,-1,26021
51016,26001,19#100,-1,26021
51017,26001,19#100,-1,26021
52001,26002,19#100,-1,26012
52002,26002,19#100,-1,26012
52003,26002,19#100,-1,26012
52004,26002,19#100,-1,26012
52005,26002,19#100,-1,26012
52006,26002,19#100,-1,26012
52007,26002,19#100,-1,26022
52008,26002,19#100,-1,26012
52009,26002,19#100,-1,26012
52010,26002,19#100,-1,26012
52011,26002,19#100,-1,26022
52012,26002,19#100,-1,26022
52013,26002,19#100,-1,26022
52014,26002,19#100,-1,26022
52015,26002,19#100,-1,26022
52016,26002,19#100,-1,26022
52017,26002,19#100,-1,26022
52018,26002,19#100,-1,26022
542001,26002,19#100,-1,26012
542002,26002,19#100,-1,26012
542003,26002,19#100,-1,26012
542004,26002,19#100,-1,26012
542005,26002,19#100,-1,26012
542006,26002,19#100,-1,26012
542007,26002,19#100,-1,26012
542008,26002,19#100,-1,26012
53001,26003,19#100,-1,26023
53002,26003,19#100,-1,26013
53003,26003,19#100,-1,26013
53004,26003,19#100,-1,26013
53005,26003,19#100,-1,26013
53006,26003,19#100,-1,26013
53007,26003,19#100,-1,26023
53008,26003,19#100,-1,26013
53009,26003,19#100,-1,26013
53010,26003,19#100,-1,26013
53011,26003,19#100,-1,26023
543001,26003,19#100,-1,26013
543002,26003,19#100,-1,26013
543003,26003,19#100,-1,26013
543004,26003,19#100,-1,26013
543005,26003,19#100,-1,26013
543006,26003,19#100,-1,26013
543007,26003,19#100,-1,26013
543008,26003,19#100,-1,26013
53012,26003,19#100,-1,26023
53013,26003,19#100,-1,26023
53014,26003,19#100,-1,26023
53015,26003,19#100,-1,26023
53016,26003,19#100,-1,26023
53017,26003,19#100,-1,26023
54001,26004,19#100,-1,26014
54002,26004,19#100,-1,26014
54003,26004,19#100,-1,26014
54004,26004,19#100,-1,26014
54005,26004,19#100,-1,26014
54006,26004,19#100,-1,26014
54007,26004,19#100,-1,26014
54008,26004,19#100,-1,26024
54009,26004,19#100,-1,26014
54010,26004,19#100,-1,26024
544001,26004,19#100,-1,26014
544002,26004,19#100,-1,26014
544003,26004,19#100,-1,26014
544004,26004,19#100,-1,26014
544005,26004,19#100,-1,26014
544006,26004,19#100,-1,26014
544007,26004,19#100,-1,26014
544008,26004,19#100,-1,26014
54011,26004,19#100,-1,26024
54012,26004,19#100,-1,26024
54013,26004,19#100,-1,26024
54014,26004,19#100,-1,26024
54015,26004,19#100,-1,26024
54016,26004,19#100,-1,26024
54017,26004,19#100,-1,26024
